area,year,kw,kwh,capex,r,alpha,depreciation,repair,gen_side_charge,property_tax,fixed_total,expected_kw,area_price,capacity_deduction,upper_amount,bid_volume_q,b_type_raw,no_deduction_raw,applied,applied_rule
北海道,1,2000,8000,544000000,0.9,0.8359162919595938,32096000,10000000,2640000,0,44736000,1672,14972,0,44736000,31536000.0,1.4185692541856925,1.4185692541856925,1.4185692541856925,B種
北海道,2,2000,8000,544000000,0.9,0.8359162919595938,32096000,10000000,2640000,7128576,51864576,1672,14972,25033184,26831392,31536000.0,0.8508178589548453,1.6446149162861492,0.8508178589548453,B種
北海道,3,2000,8000,544000000,0.9,0.8359162919595938,32096000,10000000,2640000,6223247,50959247,1672,14972,25033184,25926063,31536000.0,0.8221100646879757,1.6159071220192796,0.8221100646879757,B種
北海道,4,2000,8000,544000000,0.9,0.8359162919595938,32096000,10000000,2640000,5432894,50168894,1672,14972,25033184,25135710,31536000.0,0.7970481354642314,1.5908451927955352,0.7970481354642314,B種
北海道,5,2000,8000,544000000,0.9,0.8359162919595938,32096000,10000000,2640000,4742917,49478917,1672,14972,25033184,24445733,31536000.0,0.7751691083206494,1.5689661656519533,0.7751691083206494,B種
北海道,6,2000,8000,544000000,0.9,0.8359162919595938,32096000,10000000,2640000,4140566,48876566,1672,14972,25033184,23843382,31536000.0,0.7560686834094368,1.5498657407407408,0.7560686834094368,B種
北海道,7,2000,8000,544000000,0.9,0.8359162919595938,32096000,10000000,2640000,3614715,48350715,1672,14972,25033184,23317531,31536000.0,0.7393940575849822,1.5331911149162862,0.7393940575849822,B種
北海道,8,2000,8000,544000000,0.9,0.8359162919595938,32096000,10000000,2640000,3155646,47891646,1672,14972,25033184,22858462,31536000.0,0.7248370750887874,1.5186341324200914,0.7248370750887874,B種
北海道,9,2000,8000,544000000,0.9,0.8359162919595938,32096000,10000000,2640000,2754879,47490879,1672,14972,25033184,22457695,31536000.0,0.7121288368848301,1.505925894216134,0.7121288368848301,B種
北海道,10,2000,8000,544000000,0.9,0.8359162919595938,32096000,10000000,2640000,2405009,47141009,1672,14972,25033184,22107825,31536000.0,0.7010345319634703,1.4948315892947743,0.7010345319634703,B種
北海道,11,2000,8000,544000000,0.9,0.8359162919595938,32096000,10000000,2640000,2099573,46835573,1672,14972,25033184,21802389,31536000.0,0.6913492199391172,1.4851462772704211,0.6913492199391172,B種
北海道,12,2000,8000,544000000,0.9,0.8359162919595938,32096000,10000000,2640000,1832927,46568927,1672,14972,25033184,21535743,31536000.0,0.6828939307458143,1.4766909880771182,0.6828939307458143,B種
北海道,13,2000,8000,544000000,0.9,0.8359162919595938,32096000,10000000,2640000,1600145,46336145,1672,14972,25033184,21302961,31536000.0,0.6755124619482497,1.4693095192795536,0.6755124619482497,B種
北海道,14,2000,8000,544000000,0.9,0.8359162919595938,32096000,10000000,2640000,1396927,46132927,1672,14972,25033184,21099743,31536000.0,0.6690684614408929,1.4628655187721968,0.6690684614408929,B種
北海道,15,2000,8000,544000000,0.9,0.8359162919595938,32096000,10000000,2640000,1219517,45955517,1672,14972,25033184,20922333,31536000.0,0.6634428272450533,1.4572398845763572,0.6634428272450533,B種
北海道,16,2000,8000,544000000,0.9,0.8359162919595938,32096000,10000000,2640000,1064639,45800639,1672,14972,25033184,20767455,31536000.0,0.6585316780821918,1.4523287354134957,0.6585316780821918,B種
北海道,17,2000,8000,544000000,0.9,0.8359162919595938,30463999,10000000,2640000,929429,44033428,1672,14972,25033184,19000244,31536000.0,0.6024937848807712,1.396290842212075,0.6024937848807712,B種
北海道,18,2000,8000,544000000,0.9,0.8359162919595938,0,10000000,2640000,811392,13451392,1672,14972,25033184,-11581792,31536000.0,-0.3672562151192288,0.4265408422120751,0.33,A種
北海道,19,2000,8000,544000000,0.9,0.8359162919595938,0,10000000,2640000,708345,13348345,1672,14972,25033184,-11684839,31536000.0,-0.3705238140537798,0.4232732432775241,0.33,A種
北海道,20,2000,8000,544000000,0.9,0.8359162919595938,0,10000000,2640000,618385,13258385,1672,14972,25033184,-11774799,31536000.0,-0.37337642694063927,0.42042063039066463,0.33,A種
東北,1,2000,8000,544000000,0.9,0.870001590697249,32096000,10000000,2232960,0,44328960,1740,15111,0,44328960,31536000.0,1.405662100456621,1.405662100456621,1.405662100456621,B種
東北,2,2000,8000,544000000,0.9,0.870001590697249,32096000,10000000,2232960,7128576,51457536,1740,15111,26293140,25164396,31536000.0,0.7979577625570776,1.6317077625570777,0.7979577625570776,B種
東北,3,2000,8000,544000000,0.9,0.870001590697249,32096000,10000000,2232960,6223247,50552207,1740,15111,26293140,24259067,31536000.0,0.769249968290208,1.602999968290208,0.769249968290208,B種
東北,4,2000,8000,544000000,0.9,0.870001590697249,32096000,10000000,2232960,5432894,49761854,1740,15111,26293140,23468714,31536000.0,0.7441880390664637,1.5779380390664637,0.7441880390664637,B種
東北,5,2000,8000,544000000,0.9,0.870001590697249,32096000,10000000,2232960,4742917,49071877,1740,15111,26293140,22778737,31536000.0,0.7223090119228818,1.5560590119228819,0.7223090119228818,B種
東北,6,2000,8000,544000000,0.9,0.870001590697249,32096000,10000000,2232960,4140566,48469526,1740,15111,26293140,22176386,31536000.0,0.7032085870116692,1.536958587011669,0.7032085870116692,B種
東北,7,2000,8000,544000000,0.9,0.870001590697249,32096000,10000000,2232960,3614715,47943675,1740,15111,26293140,21650535,31536000.0,0.6865339611872147,1.5202839611872145,0.6865339611872147,B種
東北,8,2000,8000,544000000,0.9,0.870001590697249,32096000,10000000,2232960,3155646,47484606,1740,15111,26293140,21191466,31536000.0,0.6719769786910198,1.5057269786910197,0.6719769786910198,B種
東北,9,2000,8000,544000000,0.9,0.870001590697249,32096000,10000000,2232960,2754879,47083839,1740,15111,26293140,20790699,31536000.0,0.6592687404870624,1.4930187404870625,0.6592687404870624,B種
東北,10,2000,8000,544000000,0.9,0.870001590697249,32096000,10000000,2232960,2405009,46733969,1740,15111,26293140,20440829,31536000.0,0.6481744355657026,1.4819244355657026,0.6481744355657026,B種
東北,11,2000,8000,544000000,0.9,0.870001590697249,32096000,10000000,2232960,2099573,46428533,1740,15111,26293140,20135393,31536000.0,0.6384891235413496,1.4722391235413497,0.6384891235413496,B種
東北,12,2000,8000,544000000,0.9,0.870001590697249,32096000,10000000,2232960,1832927,46161887,1740,15111,26293140,19868747,31536000.0,0.6300338343480467,1.4637838343480467,0.6300338343480467,B種
東北,13,2000,8000,544000000,0.9,0.870001590697249,32096000,10000000,2232960,1600145,45929105,1740,15111,26293140,19635965,31536000.0,0.622652365550482,1.456402365550482,0.622652365550482,B種
東北,14,2000,8000,544000000,0.9,0.870001590697249,32096000,10000000,2232960,1396927,45725887,1740,15111,26293140,19432747,31536000.0,0.6162083650431254,1.4499583650431254,0.6162083650431254,B種
東北,15,2000,8000,544000000,0.9,0.870001590697249,32096000,10000000,2232960,1219517,45548477,1740,15111,26293140,19255337,31536000.0,0.6105827308472856,1.4443327308472858,0.6105827308472856,B種
東北,16,2000,8000,544000000,0.9,0.870001590697249,32096000,10000000,2232960,1064639,45393599,1740,15111,26293140,19100459,31536000.0,0.6056715816844241,1.4394215816844242,0.6056715816844241,B種
東北,17,2000,8000,544000000,0.9,0.870001590697249,30463999,10000000,2232960,929429,43626388,1740,15111,26293140,17333248,31536000.0,0.5496336884830035,1.3833836884830035,0.5496336884830035,B種
東北,18,2000,8000,544000000,0.9,0.870001590697249,0,10000000,2232960,811392,13044352,1740,15111,26293140,-13248788,31536000.0,-0.42011631151699647,0.4136336884830035,0.33,A種
東北,19,2000,8000,544000000,0.9,0.870001590697249,0,10000000,2232960,708345,12941305,1740,15111,26293140,-13351835,31536000.0,-0.42338391045154744,0.41036608954845255,0.33,A種
東北,20,2000,8000,544000000,0.9,0.870001590697249,0,10000000,2232960,618385,12851345,1740,15111,26293140,-13441795,31536000.0,-0.4262365233384069,0.4075134766615931,0.33,A種
東京,1,2000,8000,544000000,0.9,0.7077304417185655,32096000,10000000,2402880,0,44498880,1415,15111,0,44498880,31536000.0,1.4110502283105022,1.4110502283105022,1.4110502283105022,B種
東京,2,2000,8000,544000000,0.9,0.7077304417185655,32096000,10000000,2402880,7128576,51627456,1415,15111,21382065,30245391,31536000.0,0.9590750570776255,1.637095890410959,0.9590750570776255,B種
東京,3,2000,8000,544000000,0.9,0.7077304417185655,32096000,10000000,2402880,6223247,50722127,1415,15111,21382065,29340062,31536000.0,0.930367262810756,1.6083880961440893,0.930367262810756,B種
東京,4,2000,8000,544000000,0.9,0.7077304417185655,32096000,10000000,2402880,5432894,49931774,1415,15111,21382065,28549709,31536000.0,0.9053053335870117,1.5833261669203451,0.9053053335870117,B種
東京,5,2000,8000,544000000,0.9,0.7077304417185655,32096000,10000000,2402880,4742917,49241797,1415,15111,21382065,27859732,31536000.0,0.8834263064434297,1.561447139776763,0.8834263064434297,B種
東京,6,2000,8000,544000000,0.9,0.7077304417185655,32096000,10000000,2402880,4140566,48639446,1415,15111,21382065,27257381,31536000.0,0.8643258815322171,1.5423467148655505,0.8643258815322171,B種
東京,7,2000,8000,544000000,0.9,0.7077304417185655,32096000,10000000,2402880,3614715,48113595,1415,15111,21382065,26731530,31536000.0,0.8476512557077626,1.525672089041096,0.8476512557077626,B種
東京,8,2000,8000,544000000,0.9,0.7077304417185655,32096000,10000000,2402880,3155646,47654526,1415,15111,21382065,26272461,31536000.0,0.8330942732115677,1.511115106544901,0.8330942732115677,B種
東京,9,2000,8000,544000000,0.9,0.7077304417185655,32096000,10000000,2402880,2754879,47253759,1415,15111,21382065,25871694,31536000.0,0.8203860350076103,1.4984068683409437,0.8203860350076103,B種
東京,10,2000,8000,544000000,0.9,0.7077304417185655,32096000,10000000,2402880,2405009,46903889,1415,15111,21382065,25521824,31536000.0,0.8092917300862507,1.487312563419584,0.8092917300862507,B種
東京,11,2000,8000,544000000,0.9,0.7077304417185655,32096000,10000000,2402880,2099573,46598453,1415,15111,21382065,25216388,31536000.0,0.7996064180618975,1.4776272513952309,0.7996064180618975,B種
東京,12,2000,8000,544000000,0.9,0.7077304417185655,32096000,10000000,2402880,1832927,46331807,1415,15111,21382065,24949742,31536000.0,0.7911511288685946,1.469171962201928,0.7911511288685946,B種
東京,13,2000,8000,544000000,0.9,0.7077304417185655,32096000,10000000,2402880,1600145,46099025,1415,15111,21382065,24716960,31536000.0,0.7837696600710299,1.4617904934043633,0.7837696600710299,B種
東京,14,2000,8000,544000000,0.9,0.7077304417185655,32096000,10000000,2402880,1396927,45895807,1415,15111,21382065,24513742,31536000.0,0.7773256595636733,1.4553464928970066,0.7773256595636733,B種
東京,15,2000,8000,544000000,0.9,0.7077304417185655,32096000,10000000,2402880,1219517,45718397,1415,15111,21382065,24336332,31536000.0,0.7717000253678336,1.449720858701167,0.7717000253678336,B種
東京,16,2000,8000,544000000,0.9,0.7077304417185655,32096000,10000000,2402880,1064639,45563519,1415,15111,21382065,24181454,31536000.0,0.766788876204972,1.4448097095383055,0.766788876204972,B種
東京,17,2000,8000,544000000,0.9,0.7077304417185655,30463999,10000000,2402880,929429,43796308,1415,15111,21382065,22414243,31536000.0,0.7107509830035516,1.3887718163368847,0.7107509830035516,B種
東京,18,2000,8000,544000000,0.9,0.7077304417185655,0,10000000,2402880,811392,13214272,1415,15111,21382065,-8167793,31536000.0,-0.2589990169964485,0.41902181633688484,0.33,A種
東京,19,2000,8000,544000000,0.9,0.7077304417185655,0,10000000,2402880,708345,13111225,1415,15111,21382065,-8270840,31536000.0,-0.2622666159309995,0.4157542174023338,0.33,A種
東京,20,2000,8000,544000000,0.9,0.7077304417185655,0,10000000,2402880,618385,13021265,1415,15111,21382065,-8360800,31536000.0,-0.26511922881785893,0.41290160451547436,0.33,A種
中部,1,2000,8000,544000000,0.9,0.8258060303339197,32096000,10000000,2294640,0,44390640,1652,12388,0,44390640,31536000.0,1.4076179604261796,1.4076179604261796,1.4076179604261796,B種
中部,2,2000,8000,544000000,0.9,0.8258060303339197,32096000,10000000,2294640,7128576,51519216,1652,12388,20464976,31054240,31536000.0,0.9847234906139015,1.6336636225266363,0.9847234906139015,B種
中部,3,2000,8000,544000000,0.9,0.8258060303339197,32096000,10000000,2294640,6223247,50613887,1652,12388,20464976,30148911,31536000.0,0.956015696347032,1.6049558282597667,0.956015696347032,B種
中部,4,2000,8000,544000000,0.9,0.8258060303339197,32096000,10000000,2294640,5432894,49823534,1652,12388,20464976,29358558,31536000.0,0.9309537671232877,1.5798938990360223,0.9309537671232877,B種
中部,5,2000,8000,544000000,0.9,0.8258060303339197,32096000,10000000,2294640,4742917,49133557,1652,12388,20464976,28668581,31536000.0,0.9090747399797058,1.5580148718924405,0.9090747399797058,B種
中部,6,2000,8000,544000000,0.9,0.8258060303339197,32096000,10000000,2294640,4140566,48531206,1652,12388,20464976,28066230,31536000.0,0.8899743150684931,1.5389144469812277,0.8899743150684931,B種
中部,7,2000,8000,544000000,0.9,0.8258060303339197,32096000,10000000,2294640,3614715,48005355,1652,12388,20464976,27540379,31536000.0,0.8732996892440386,1.5222398211567731,0.8732996892440386,B種
中部,8,2000,8000,544000000,0.9,0.8258060303339197,32096000,10000000,2294640,3155646,47546286,1652,12388,20464976,27081310,31536000.0,0.8587427067478437,1.5076828386605783,0.8587427067478437,B種
中部,9,2000,8000,544000000,0.9,0.8258060303339197,32096000,10000000,2294640,2754879,47145519,1652,12388,20464976,26680543,31536000.0,0.8460344685438863,1.494974600456621,0.8460344685438863,B種
中部,10,2000,8000,544000000,0.9,0.8258060303339197,32096000,10000000,2294640,2405009,46795649,1652,12388,20464976,26330673,31536000.0,0.8349401636225267,1.4838802955352612,0.8349401636225267,B種
中部,11,2000,8000,544000000,0.9,0.8258060303339197,32096000,10000000,2294640,2099573,46490213,1652,12388,20464976,26025237,31536000.0,0.8252548515981735,1.4741949835109083,0.8252548515981735,B種
中部,12,2000,8000,544000000,0.9,0.8258060303339197,32096000,10000000,2294640,1832927,46223567,1652,12388,20464976,25758591,31536000.0,0.8167995624048706,1.4657396943176053,0.8167995624048706,B種
中部,13,2000,8000,544000000,0.9,0.8258060303339197,32096000,10000000,2294640,1600145,45990785,1652,12388,20464976,25525809,31536000.0,0.809418093607306,1.4583582255200407,0.809418093607306,B種
中部,14,2000,8000,544000000,0.9,0.8258060303339197,32096000,10000000,2294640,1396927,45787567,1652,12388,20464976,25322591,31536000.0,0.8029740930999493,1.451914225012684,0.8029740930999493,B種
中部,15,2000,8000,544000000,0.9,0.8258060303339197,32096000,10000000,2294640,1219517,45610157,1652,12388,20464976,25145181,31536000.0,0.7973484589041095,1.4462885908168441,0.7973484589041095,B種
中部,16,2000,8000,544000000,0.9,0.8258060303339197,32096000,10000000,2294640,1064639,45455279,1652,12388,20464976,24990303,31536000.0,0.7924373097412482,1.4413774416539828,0.7924373097412482,B種
中部,17,2000,8000,544000000,0.9,0.8258060303339197,30463999,10000000,2294640,929429,43688068,1652,12388,20464976,23223092,31536000.0,0.7363994165398275,1.3853395484525621,0.7363994165398275,B種
中部,18,2000,8000,544000000,0.9,0.8258060303339197,0,10000000,2294640,811392,13106032,1652,12388,20464976,-7358944,31536000.0,-0.2333505834601725,0.41558954845256213,0.33,A種
中部,19,2000,8000,544000000,0.9,0.8258060303339197,0,10000000,2294640,708345,13002985,1652,12388,20464976,-7461991,31536000.0,-0.2366181823947235,0.41232194951801115,0.33,A種
中部,20,2000,8000,544000000,0.9,0.8258060303339197,0,10000000,2294640,618385,12913025,1652,12388,20464976,-7551951,31536000.0,-0.23947079528158297,0.4094693366311517,0.33,A種
北陸,1,2000,8000,544000000,0.9,0.8589053571873374,32096000,10000000,2243280,0,44339280,1718,12388,0,44339280,31536000.0,1.4059893455098935,1.4059893455098935,1.4059893455098935,B種
北陸,2,2000,8000,544000000,0.9,0.8589053571873374,32096000,10000000,2243280,7128576,51467856,1718,12388,21282584,30185272,31536000.0,0.9571686960933536,1.63203500761035,0.9571686960933536,B種
北陸,3,2000,8000,544000000,0.9,0.8589053571873374,32096000,10000000,2243280,6223247,50562527,1718,12388,21282584,29279943,31536000.0,0.928460901826484,1.6033272133434804,0.928460901826484,B種
北陸,4,2000,8000,544000000,0.9,0.8589053571873374,32096000,10000000,2243280,5432894,49772174,1718,12388,21282584,28489590,31536000.0,0.9033989726027397,1.5782652841197362,0.9033989726027397,B種
北陸,5,2000,8000,544000000,0.9,0.8589053571873374,32096000,10000000,2243280,4742917,49082197,1718,12388,21282584,27799613,31536000.0,0.8815199454591578,1.5563862569761542,0.8815199454591578,B種
北陸,6,2000,8000,544000000,0.9,0.8589053571873374,32096000,10000000,2243280,4140566,48479846,1718,12388,21282584,27197262,31536000.0,0.8624195205479452,1.5372858320649416,0.8624195205479452,B種
北陸,7,2000,8000,544000000,0.9,0.8589053571873374,32096000,10000000,2243280,3614715,47953995,1718,12388,21282584,26671411,31536000.0,0.8457448947234906,1.520611206240487,0.8457448947234906,B種
北陸,8,2000,8000,544000000,0.9,0.8589053571873374,32096000,10000000,2243280,3155646,47494926,1718,12388,21282584,26212342,31536000.0,0.8311879122272958,1.5060542237442922,0.8311879122272958,B種
北陸,9,2000,8000,544000000,0.9,0.8589053571873374,32096000,10000000,2243280,2754879,47094159,1718,12388,21282584,25811575,31536000.0,0.8184796740233384,1.4933459855403348,0.8184796740233384,B種
北陸,10,2000,8000,544000000,0.9,0.8589053571873374,32096000,10000000,2243280,2405009,46744289,1718,12388,21282584,25461705,31536000.0,0.8073853691019787,1.4822516806189752,0.8073853691019787,B種
北陸,11,2000,8000,544000000,0.9,0.8589053571873374,32096000,10000000,2243280,2099573,46438853,1718,12388,21282584,25156269,31536000.0,0.7977000570776256,1.472566368594622,0.7977000570776256,B種
北陸,12,2000,8000,544000000,0.9,0.8589053571873374,32096000,10000000,2243280,1832927,46172207,1718,12388,21282584,24889623,31536000.0,0.7892447678843226,1.4641110794013192,0.7892447678843226,B種
北陸,13,2000,8000,544000000,0.9,0.8589053571873374,32096000,10000000,2243280,1600145,45939425,1718,12388,21282584,24656841,31536000.0,0.781863299086758,1.4567296106037544,0.781863299086758,B種
北陸,14,2000,8000,544000000,0.9,0.8589053571873374,32096000,10000000,2243280,1396927,45736207,1718,12388,21282584,24453623,31536000.0,0.7754192985794013,1.4502856100963977,0.7754192985794013,B種
北陸,15,2000,8000,544000000,0.9,0.8589053571873374,32096000,10000000,2243280,1219517,45558797,1718,12388,21282584,24276213,31536000.0,0.7697936643835617,1.444659975900558,0.7697936643835617,B種
北陸,16,2000,8000,544000000,0.9,0.8589053571873374,32096000,10000000,2243280,1064639,45403919,1718,12388,21282584,24121335,31536000.0,0.7648825152207002,1.4397488267376966,0.7648825152207002,B種
北陸,17,2000,8000,544000000,0.9,0.8589053571873374,30463999,10000000,2243280,929429,43636708,1718,12388,21282584,22354124,31536000.0,0.7088446220192796,1.383710933536276,0.7088446220192796,B種
北陸,18,2000,8000,544000000,0.9,0.8589053571873374,0,10000000,2243280,811392,13054672,1718,12388,21282584,-8227912,31536000.0,-0.26090537798072044,0.413960933536276,0.33,A種
北陸,19,2000,8000,544000000,0.9,0.8589053571873374,0,10000000,2243280,708345,12951625,1718,12388,21282584,-8330959,31536000.0,-0.2641729769152714,0.410693334601725,0.33,A種
北陸,20,2000,8000,544000000,0.9,0.8589053571873374,0,10000000,2243280,618385,12861665,1718,12388,21282584,-8420919,31536000.0,-0.2670255898021309,0.4078407217148656,0.33,A種
関西,1,2000,8000,544000000,0.9,0.8268046376863608,32096000,10000000,2789520,0,44885520,1654,12388,0,44885520,31536000.0,1.423310502283105,1.423310502283105,1.423310502283105,B種
関西,2,2000,8000,544000000,0.9,0.8268046376863608,32096000,10000000,2789520,7128576,52014096,1654,12388,20489752,31524344,31536000.0,0.9996303906646372,1.6493561643835617,0.9996303906646372,B種
関西,3,2000,8000,544000000,0.9,0.8268046376863608,32096000,10000000,2789520,6223247,51108767,1654,12388,20489752,30619015,31536000.0,0.9709225963977677,1.620648370116692,0.9709225963977677,B種
関西,4,2000,8000,544000000,0.9,0.8268046376863608,32096000,10000000,2789520,5432894,50318414,1654,12388,20489752,29828662,31536000.0,0.9458606671740233,1.5955864408929477,0.9458606671740233,B種
関西,5,2000,8000,544000000,0.9,0.8268046376863608,32096000,10000000,2789520,4742917,49628437,1654,12388,20489752,29138685,31536000.0,0.9239816400304414,1.5737074137493658,0.9239816400304414,B種
関西,6,2000,8000,544000000,0.9,0.8268046376863608,32096000,10000000,2789520,4140566,49026086,1654,12388,20489752,28536334,31536000.0,0.9048812151192288,1.5546069888381533,0.9048812151192288,B種
関西,7,2000,8000,544000000,0.9,0.8268046376863608,32096000,10000000,2789520,3614715,48500235,1654,12388,20489752,28010483,31536000.0,0.8882065892947743,1.5379323630136987,0.8882065892947743,B種
関西,8,2000,8000,544000000,0.9,0.8268046376863608,32096000,10000000,2789520,3155646,48041166,1654,12388,20489752,27551414,31536000.0,0.8736496067985794,1.5233753805175039,0.8736496067985794,B種
関西,9,2000,8000,544000000,0.9,0.8268046376863608,32096000,10000000,2789520,2754879,47640399,1654,12388,20489752,27150647,31536000.0,0.860941368594622,1.5106671423135465,0.860941368594622,B種
関西,10,2000,8000,544000000,0.9,0.8268046376863608,32096000,10000000,2789520,2405009,47290529,1654,12388,20489752,26800777,31536000.0,0.8498470636732623,1.4995728373921866,0.8498470636732623,B種
関西,11,2000,8000,544000000,0.9,0.8268046376863608,32096000,10000000,2789520,2099573,46985093,1654,12388,20489752,26495341,31536000.0,0.8401617516489092,1.4898875253678336,0.8401617516489092,B種
関西,12,2000,8000,544000000,0.9,0.8268046376863608,32096000,10000000,2789520,1832927,46718447,1654,12388,20489752,26228695,31536000.0,0.8317064624556063,1.4814322361745307,0.8317064624556063,B種
関西,13,2000,8000,544000000,0.9,0.8268046376863608,32096000,10000000,2789520,1600145,46485665,1654,12388,20489752,25995913,31536000.0,0.8243249936580416,1.474050767376966,0.8243249936580416,B種
関西,14,2000,8000,544000000,0.9,0.8268046376863608,32096000,10000000,2789520,1396927,46282447,1654,12388,20489752,25792695,31536000.0,0.817880993150685,1.4676067668696093,0.817880993150685,B種
関西,15,2000,8000,544000000,0.9,0.8268046376863608,32096000,10000000,2789520,1219517,46105037,1654,12388,20489752,25615285,31536000.0,0.8122553589548452,1.4619811326737697,0.8122553589548452,B種
関西,16,2000,8000,544000000,0.9,0.8268046376863608,32096000,10000000,2789520,1064639,45950159,1654,12388,20489752,25460407,31536000.0,0.8073442097919837,1.4570699835109082,0.8073442097919837,B種
関西,17,2000,8000,544000000,0.9,0.8268046376863608,30463999,10000000,2789520,929429,44182948,1654,12388,20489752,23693196,31536000.0,0.7513063165905631,1.4010320903094875,0.7513063165905631,B種
関西,18,2000,8000,544000000,0.9,0.8268046376863608,0,10000000,2789520,811392,13600912,1654,12388,20489752,-6888840,31536000.0,-0.21844368340943685,0.43128209030948755,0.33,A種
関西,19,2000,8000,544000000,0.9,0.8268046376863608,0,10000000,2789520,708345,13497865,1654,12388,20489752,-6991887,31536000.0,-0.22171128234398782,0.4280144913749366,0.33,A種
関西,20,2000,8000,544000000,0.9,0.8268046376863608,0,10000000,2789520,618385,13407905,1654,12388,20489752,-7081847,31536000.0,-0.2245638952308473,0.4251618784880771,0.33,A種
中国,1,2000,8000,544000000,0.9,0.8632206132196135,32096000,10000000,2040480,0,44136480,1726,12388,0,44136480,31536000.0,1.399558599695586,1.399558599695586,1.399558599695586,B種
中国,2,2000,8000,544000000,0.9,0.8632206132196135,32096000,10000000,2040480,7128576,51265056,1726,12388,21381688,29883368,31536000.0,0.9475953830542871,1.6256042617960427,0.9475953830542871,B種
中国,3,2000,8000,544000000,0.9,0.8632206132196135,32096000,10000000,2040480,6223247,50359727,1726,12388,21381688,28978039,31536000.0,0.9188875887874176,1.596896467529173,0.9188875887874176,B種
中国,4,2000,8000,544000000,0.9,0.8632206132196135,32096000,10000000,2040480,5432894,49569374,1726,12388,21381688,28187686,31536000.0,0.8938256595636732,1.5718345383054286,0.8938256595636732,B種
中国,5,2000,8000,544000000,0.9,0.8632206132196135,32096000,10000000,2040480,4742917,48879397,1726,12388,21381688,27497709,31536000.0,0.8719466324200913,1.5499555111618468,0.8719466324200913,B種
中国,6,2000,8000,544000000,0.9,0.8632206132196135,32096000,10000000,2040480,4140566,48277046,1726,12388,21381688,26895358,31536000.0,0.8528462075088787,1.5308550862506343,0.8528462075088787,B種
中国,7,2000,8000,544000000,0.9,0.8632206132196135,32096000,10000000,2040480,3614715,47751195,1726,12388,21381688,26369507,31536000.0,0.8361715816844242,1.5141804604261797,0.8361715816844242,B種
中国,8,2000,8000,544000000,0.9,0.8632206132196135,32096000,10000000,2040480,3155646,47292126,1726,12388,21381688,25910438,31536000.0,0.8216145991882293,1.4996234779299848,0.8216145991882293,B種
中国,9,2000,8000,544000000,0.9,0.8632206132196135,32096000,10000000,2040480,2754879,46891359,1726,12388,21381688,25509671,31536000.0,0.8089063609842719,1.4869152397260275,0.8089063609842719,B種
中国,10,2000,8000,544000000,0.9,0.8632206132196135,32096000,10000000,2040480,2405009,46541489,1726,12388,21381688,25159801,31536000.0,0.7978120560629123,1.4758209348046676,0.7978120560629123,B種
中国,11,2000,8000,544000000,0.9,0.8632206132196135,32096000,10000000,2040480,2099573,46236053,1726,12388,21381688,24854365,31536000.0,0.7881267440385591,1.4661356227803146,0.7881267440385591,B種
中国,12,2000,8000,544000000,0.9,0.8632206132196135,32096000,10000000,2040480,1832927,45969407,1726,12388,21381688,24587719,31536000.0,0.7796714548452562,1.4576803335870117,0.7796714548452562,B種
中国,13,2000,8000,544000000,0.9,0.8632206132196135,32096000,10000000,2040480,1600145,45736625,1726,12388,21381688,24354937,31536000.0,0.7722899860476915,1.450298864789447,0.7722899860476915,B種
中国,14,2000,8000,544000000,0.9,0.8632206132196135,32096000,10000000,2040480,1396927,45533407,1726,12388,21381688,24151719,31536000.0,0.7658459855403349,1.4438548642820903,0.7658459855403349,B種
中国,15,2000,8000,544000000,0.9,0.8632206132196135,32096000,10000000,2040480,1219517,45355997,1726,12388,21381688,23974309,31536000.0,0.7602203513444952,1.4382292300862507,0.7602203513444952,B種
中国,16,2000,8000,544000000,0.9,0.8632206132196135,32096000,10000000,2040480,1064639,45201119,1726,12388,21381688,23819431,31536000.0,0.7553092021816337,1.4333180809233892,0.7553092021816337,B種
中国,17,2000,8000,544000000,0.9,0.8632206132196135,30463999,10000000,2040480,929429,43433908,1726,12388,21381688,22052220,31536000.0,0.6992713089802131,1.3772801877219685,0.6992713089802131,B種
中国,18,2000,8000,544000000,0.9,0.8632206132196135,0,10000000,2040480,811392,12851872,1726,12388,21381688,-8529816,31536000.0,-0.2704786910197869,0.40753018772196853,0.33,A種
中国,19,2000,8000,544000000,0.9,0.8632206132196135,0,10000000,2040480,708345,12748825,1726,12388,21381688,-8632863,31536000.0,-0.2737462899543379,0.40426258878741755,0.33,A種
中国,20,2000,8000,544000000,0.9,0.8632206132196135,0,10000000,2040480,618385,12658865,1726,12388,21381688,-8722823,31536000.0,-0.27659890284119737,0.4014099759005581,0.33,A種
四国,1,2000,8000,544000000,0.9,0.8655616225899081,32096000,10000000,2640960,0,44736960,1731,12388,0,44736960,31536000.0,1.418599695585997,1.418599695585997,1.418599695585997,B種
四国,2,2000,8000,544000000,0.9,0.8655616225899081,32096000,10000000,2640960,7128576,51865536,1731,12388,21443628,30421908,31536000.0,0.9646723744292237,1.6446453576864535,0.9646723744292237,B種
四国,3,2000,8000,544000000,0.9,0.8655616225899081,32096000,10000000,2640960,6223247,50960207,1731,12388,21443628,29516579,31536000.0,0.9359645801623542,1.615937563419584,0.9359645801623542,B種
四国,4,2000,8000,544000000,0.9,0.8655616225899081,32096000,10000000,2640960,5432894,50169854,1731,12388,21443628,28726226,31536000.0,0.9109026509386099,1.5908756341958397,0.9109026509386099,B種
四国,5,2000,8000,544000000,0.9,0.8655616225899081,32096000,10000000,2640960,4742917,49479877,1731,12388,21443628,28036249,31536000.0,0.8890236237950279,1.5689966070522576,0.8890236237950279,B種
四国,6,2000,8000,544000000,0.9,0.8655616225899081,32096000,10000000,2640960,4140566,48877526,1731,12388,21443628,27433898,31536000.0,0.8699231988838153,1.549896182141045,0.8699231988838153,B種
四国,7,2000,8000,544000000,0.9,0.8655616225899081,32096000,10000000,2640960,3614715,48351675,1731,12388,21443628,26908047,31536000.0,0.8532485730593607,1.5332215563165905,0.8532485730593607,B種
四国,8,2000,8000,544000000,0.9,0.8655616225899081,32096000,10000000,2640960,3155646,47892606,1731,12388,21443628,26448978,31536000.0,0.8386915905631659,1.5186645738203957,0.8386915905631659,B種
四国,9,2000,8000,544000000,0.9,0.8655616225899081,32096000,10000000,2640960,2754879,47491839,1731,12388,21443628,26048211,31536000.0,0.8259833523592085,1.5059563356164383,0.8259833523592085,B種
四国,10,2000,8000,544000000,0.9,0.8655616225899081,32096000,10000000,2640960,2405009,47141969,1731,12388,21443628,25698341,31536000.0,0.8148890474378488,1.4948620306950786,0.8148890474378488,B種
四国,11,2000,8000,544000000,0.9,0.8655616225899081,32096000,10000000,2640960,2099573,46836533,1731,12388,21443628,25392905,31536000.0,0.8052037354134957,1.4851767186707254,0.8052037354134957,B種
四国,12,2000,8000,544000000,0.9,0.8655616225899081,32096000,10000000,2640960,1832927,46569887,1731,12388,21443628,25126259,31536000.0,0.7967484462201928,1.4767214294774227,0.7967484462201928,B種
四国,13,2000,8000,544000000,0.9,0.8655616225899081,32096000,10000000,2640960,1600145,46337105,1731,12388,21443628,24893477,31536000.0,0.7893669774226281,1.4693399606798578,0.7893669774226281,B種
四国,14,2000,8000,544000000,0.9,0.8655616225899081,32096000,10000000,2640960,1396927,46133887,1731,12388,21443628,24690259,31536000.0,0.7829229769152715,1.4628959601725013,0.7829229769152715,B種
四国,15,2000,8000,544000000,0.9,0.8655616225899081,32096000,10000000,2640960,1219517,45956477,1731,12388,21443628,24512849,31536000.0,0.7772973427194317,1.4572703259766615,0.7772973427194317,B種
四国,16,2000,8000,544000000,0.9,0.8655616225899081,32096000,10000000,2640960,1064639,45801599,1731,12388,21443628,24357971,31536000.0,0.7723861935565702,1.4523591768138,0.7723861935565702,B種
四国,17,2000,8000,544000000,0.9,0.8655616225899081,30463999,10000000,2640960,929429,44034388,1731,12388,21443628,22590760,31536000.0,0.7163483003551496,1.3963212836123795,0.7163483003551496,B種
四国,18,2000,8000,544000000,0.9,0.8655616225899081,0,10000000,2640960,811392,13452352,1731,12388,21443628,-7991276,31536000.0,-0.2534016996448503,0.4265712836123795,0.33,A種
四国,19,2000,8000,544000000,0.9,0.8655616225899081,0,10000000,2640960,708345,13349305,1731,12388,21443628,-8094323,31536000.0,-0.2566692985794013,0.42330368467782853,0.33,A種
四国,20,2000,8000,544000000,0.9,0.8655616225899081,0,10000000,2640960,618385,13259345,1731,12388,21443628,-8184283,31536000.0,-0.2595219114662608,0.4204510717909691,0.33,A種
九州,1,2000,8000,544000000,0.9,0.8013733917530951,32096000,10000000,2365440,0,44461440,1603,15112,0,44461440,31536000.0,1.40986301369863,1.40986301369863,1.40986301369863,B種
九州,2,2000,8000,544000000,0.9,0.8013733917530951,32096000,10000000,2365440,7128576,51590016,1603,15112,24224536,27365480,31536000.0,0.8677536783358701,1.6359086757990868,0.8677536783358701,B種
九州,3,2000,8000,544000000,0.9,0.8013733917530951,32096000,10000000,2365440,6223247,50684687,1603,15112,24224536,26460151,31536000.0,0.8390458840690005,1.6072008815322172,0.8390458840690005,B種
九州,4,2000,8000,544000000,0.9,0.8013733917530951,32096000,10000000,2365440,5432894,49894334,1603,15112,24224536,25669798,31536000.0,0.8139839548452562,1.5821389523084728,0.8139839548452562,B種
九州,5,2000,8000,544000000,0.9,0.8013733917530951,32096000,10000000,2365440,4742917,49204357,1603,15112,24224536,24979821,31536000.0,0.7921049277016743,1.560259925164891,0.7921049277016743,B種
九州,6,2000,8000,544000000,0.9,0.8013733917530951,32096000,10000000,2365440,4140566,48602006,1603,15112,24224536,24377470,31536000.0,0.7730045027904617,1.5411595002536784,0.7730045027904617,B種
九州,7,2000,8000,544000000,0.9,0.8013733917530951,32096000,10000000,2365440,3614715,48076155,1603,15112,24224536,23851619,31536000.0,0.7563298769660071,1.5244848744292236,0.7563298769660071,B種
九州,8,2000,8000,544000000,0.9,0.8013733917530951,32096000,10000000,2365440,3155646,47617086,1603,15112,24224536,23392550,31536000.0,0.7417728944698123,1.509927891933029,0.7417728944698123,B種
九州,9,2000,8000,544000000,0.9,0.8013733917530951,32096000,10000000,2365440,2754879,47216319,1603,15112,24224536,22991783,31536000.0,0.7290646562658549,1.4972196537290716,0.7290646562658549,B種
九州,10,2000,8000,544000000,0.9,0.8013733917530951,32096000,10000000,2365440,2405009,46866449,1603,15112,24224536,22641913,31536000.0,0.7179703513444952,1.4861253488077117,0.7179703513444952,B種
九州,11,2000,8000,544000000,0.9,0.8013733917530951,32096000,10000000,2365440,2099573,46561013,1603,15112,24224536,22336477,31536000.0,0.7082850393201421,1.4764400367833588,0.7082850393201421,B種
九州,12,2000,8000,544000000,0.9,0.8013733917530951,32096000,10000000,2365440,1832927,46294367,1603,15112,24224536,22069831,31536000.0,0.6998297501268391,1.4679847475900558,0.6998297501268391,B種
九州,13,2000,8000,544000000,0.9,0.8013733917530951,32096000,10000000,2365440,1600145,46061585,1603,15112,24224536,21837049,31536000.0,0.6924482813292745,1.4606032787924912,0.6924482813292745,B種
九州,14,2000,8000,544000000,0.9,0.8013733917530951,32096000,10000000,2365440,1396927,45858367,1603,15112,24224536,21633831,31536000.0,0.6860042808219178,1.4541592782851345,0.6860042808219178,B種
九州,15,2000,8000,544000000,0.9,0.8013733917530951,32096000,10000000,2365440,1219517,45680957,1603,15112,24224536,21456421,31536000.0,0.6803786466260782,1.4485336440892949,0.6803786466260782,B種
九州,16,2000,8000,544000000,0.9,0.8013733917530951,32096000,10000000,2365440,1064639,45526079,1603,15112,24224536,21301543,31536000.0,0.6754674974632167,1.4436224949264334,0.6754674974632167,B種
九州,17,2000,8000,544000000,0.9,0.8013733917530951,30463999,10000000,2365440,929429,43758868,1603,15112,24224536,19534332,31536000.0,0.619429604261796,1.3875846017250126,0.619429604261796,B種
九州,18,2000,8000,544000000,0.9,0.8013733917530951,0,10000000,2365440,811392,13176832,1603,15112,24224536,-11047704,31536000.0,-0.35032039573820395,0.4178346017250127,0.33,A種
九州,19,2000,8000,544000000,0.9,0.8013733917530951,0,10000000,2365440,708345,13073785,1603,15112,24224536,-11150751,31536000.0,-0.3535879946727549,0.4145670027904617,0.33,A種
九州,20,2000,8000,544000000,0.9,0.8013733917530951,0,10000000,2365440,618385,12983825,1603,15112,24224536,-11240711,31536000.0,-0.35644060755961443,0.4117143899036022,0.33,A種
