area,year,kw,kwh,capex,r,alpha,depreciation,repair,gen_side_charge,property_tax,fixed_total,expected_kw,area_price,capacity_deduction,upper_amount,bid_volume_q,b_type_raw,no_deduction_raw,applied,applied_rule,case
東京,1,2000,8000,544000000,0.9,0.7077304417185655,32096000,10000000,2402880,0,44498880,1415,15111,0,44498880,31536000.0,1.4110502283105022,1.4110502283105022,1.4110502283105022,B種,基準
東京,2,2000,8000,544000000,0.9,0.7077304417185655,32096000,10000000,2402880,7128576,51627456,1415,15111,21382065,30245391,31536000.0,0.9590750570776255,1.637095890410959,0.9590750570776255,B種,基準
東京,3,2000,8000,544000000,0.9,0.7077304417185655,32096000,10000000,2402880,6223247,50722127,1415,15111,21382065,29340062,31536000.0,0.930367262810756,1.6083880961440893,0.930367262810756,B種,基準
東京,4,2000,8000,544000000,0.9,0.7077304417185655,32096000,10000000,2402880,5432894,49931774,1415,15111,21382065,28549709,31536000.0,0.9053053335870117,1.5833261669203451,0.9053053335870117,B種,基準
東京,5,2000,8000,544000000,0.9,0.7077304417185655,32096000,10000000,2402880,4742917,49241797,1415,15111,21382065,27859732,31536000.0,0.8834263064434297,1.561447139776763,0.8834263064434297,B種,基準
東京,6,2000,8000,544000000,0.9,0.7077304417185655,32096000,10000000,2402880,4140566,48639446,1415,15111,21382065,27257381,31536000.0,0.8643258815322171,1.5423467148655505,0.8643258815322171,B種,基準
東京,7,2000,8000,544000000,0.9,0.7077304417185655,32096000,10000000,2402880,3614715,48113595,1415,15111,21382065,26731530,31536000.0,0.8476512557077626,1.525672089041096,0.8476512557077626,B種,基準
東京,8,2000,8000,544000000,0.9,0.7077304417185655,32096000,10000000,2402880,3155646,47654526,1415,15111,21382065,26272461,31536000.0,0.8330942732115677,1.511115106544901,0.8330942732115677,B種,基準
東京,9,2000,8000,544000000,0.9,0.7077304417185655,32096000,10000000,2402880,2754879,47253759,1415,15111,21382065,25871694,31536000.0,0.8203860350076103,1.4984068683409437,0.8203860350076103,B種,基準
東京,10,2000,8000,544000000,0.9,0.7077304417185655,32096000,10000000,2402880,2405009,46903889,1415,15111,21382065,25521824,31536000.0,0.8092917300862507,1.487312563419584,0.8092917300862507,B種,基準
東京,11,2000,8000,544000000,0.9,0.7077304417185655,32096000,10000000,2402880,2099573,46598453,1415,15111,21382065,25216388,31536000.0,0.7996064180618975,1.4776272513952309,0.7996064180618975,B種,基準
東京,12,2000,8000,544000000,0.9,0.7077304417185655,32096000,10000000,2402880,1832927,46331807,1415,15111,21382065,24949742,31536000.0,0.7911511288685946,1.469171962201928,0.7911511288685946,B種,基準
東京,13,2000,8000,544000000,0.9,0.7077304417185655,32096000,10000000,2402880,1600145,46099025,1415,15111,21382065,24716960,31536000.0,0.7837696600710299,1.4617904934043633,0.7837696600710299,B種,基準
東京,14,2000,8000,544000000,0.9,0.7077304417185655,32096000,10000000,2402880,1396927,45895807,1415,15111,21382065,24513742,31536000.0,0.7773256595636733,1.4553464928970066,0.7773256595636733,B種,基準
東京,15,2000,8000,544000000,0.9,0.7077304417185655,32096000,10000000,2402880,1219517,45718397,1415,15111,21382065,24336332,31536000.0,0.7717000253678336,1.449720858701167,0.7717000253678336,B種,基準
東京,16,2000,8000,544000000,0.9,0.7077304417185655,32096000,10000000,2402880,1064639,45563519,1415,15111,21382065,24181454,31536000.0,0.766788876204972,1.4448097095383055,0.766788876204972,B種,基準
東京,17,2000,8000,544000000,0.9,0.7077304417185655,30463999,10000000,2402880,929429,43796308,1415,15111,21382065,22414243,31536000.0,0.7107509830035516,1.3887718163368847,0.7107509830035516,B種,基準
東京,18,2000,8000,544000000,0.9,0.7077304417185655,0,10000000,2402880,811392,13214272,1415,15111,21382065,-8167793,31536000.0,-0.2589990169964485,0.41902181633688484,0.33,A種,基準
東京,19,2000,8000,544000000,0.9,0.7077304417185655,0,10000000,2402880,708345,13111225,1415,15111,21382065,-8270840,31536000.0,-0.2622666159309995,0.4157542174023338,0.33,A種,基準
東京,20,2000,8000,544000000,0.9,0.7077304417185655,0,10000000,2402880,618385,13021265,1415,15111,21382065,-8360800,31536000.0,-0.26511922881785893,0.41290160451547436,0.33,A種,基準
東京,1,2000,8000,652800000.0,0.9,0.7077304417185655,38515200,10000000,2402880,0,50918080,1415,15111,0,50918080,31536000.0,1.6146017250126838,1.6146017250126838,1.6146017250126838,B種,CAPEX+20%
東京,2,2000,8000,652800000.0,0.9,0.7077304417185655,38515200,10000000,2402880,8554291,59472371,1415,15111,21382065,38090306,31536000.0,1.2078356798579402,1.8858565131912735,1.2078356798579402,B種,CAPEX+20%
東京,3,2000,8000,652800000.0,0.9,0.7077304417185655,38515200,10000000,2402880,7467896,58385976,1415,15111,21382065,37003911,31536000.0,1.1733863203957382,1.8514071537290715,1.1733863203957382,B種,CAPEX+20%
東京,4,2000,8000,652800000.0,0.9,0.7077304417185655,38515200,10000000,2402880,6519473,57437553,1415,15111,21382065,36055488,31536000.0,1.1433120243531203,1.8213328576864536,1.1433120243531203,B種,CAPEX+20%
東京,5,2000,8000,652800000.0,0.9,0.7077304417185655,38515200,10000000,2402880,5691500,56609580,1415,15111,21382065,35227515,31536000.0,1.1170571727549468,1.79507800608828,1.1170571727549468,B種,CAPEX+20%
東京,6,2000,8000,652800000.0,0.9,0.7077304417185655,38515200,10000000,2402880,4968680,55886760,1415,15111,21382065,34504695,31536000.0,1.094136700913242,1.7721575342465754,1.094136700913242,B種,CAPEX+20%
東京,7,2000,8000,652800000.0,0.9,0.7077304417185655,38515200,10000000,2402880,4337657,55255737,1415,15111,21382065,33873672,31536000.0,1.074127092846271,1.7521479261796042,1.074127092846271,B種,CAPEX+20%
東京,8,2000,8000,652800000.0,0.9,0.7077304417185655,38515200,10000000,2402880,3786775,54704855,1415,15111,21382065,33322790,31536000.0,1.0566587392186708,1.7346795725520041,1.0566587392186708,B種,CAPEX+20%
東京,9,2000,8000,652800000.0,0.9,0.7077304417185655,38515200,10000000,2402880,3305855,54223935,1415,15111,21382065,32841870,31536000.0,1.0414088660578387,1.719429699391172,1.0414088660578387,B種,CAPEX+20%
東京,10,2000,8000,652800000.0,0.9,0.7077304417185655,38515200,10000000,2402880,2886011,53804091,1415,15111,21382065,32422026,31536000.0,1.028095700152207,1.7061165334855404,1.028095700152207,B種,CAPEX+20%
東京,11,2000,8000,652800000.0,0.9,0.7077304417185655,38515200,10000000,2402880,2519488,53437568,1415,15111,21382065,32055503,31536000.0,1.0164733320649417,1.694494165398275,1.0164733320649417,B種,CAPEX+20%
東京,12,2000,8000,652800000.0,0.9,0.7077304417185655,38515200,10000000,2402880,2199513,53117593,1415,15111,21382065,31735528,31536000.0,1.0063269913749366,1.68434782470827,1.0063269913749366,B種,CAPEX+20%
東京,13,2000,8000,652800000.0,0.9,0.7077304417185655,38515200,10000000,2402880,1920175,52838255,1415,15111,21382065,31456190,31536000.0,0.9974692415017757,1.6754900748351091,0.9974692415017757,B種,CAPEX+20%
東京,14,2000,8000,652800000.0,0.9,0.7077304417185655,38515200,10000000,2402880,1676312,52594392,1415,15111,21382065,31212327,31536000.0,0.989736396499239,1.6677572298325722,0.989736396499239,B種,CAPEX+20%
東京,15,2000,8000,652800000.0,0.9,0.7077304417185655,38515200,10000000,2402880,1463421,52381501,1415,15111,21382065,30999436,31536000.0,0.9829856671740234,1.6610065005073567,0.9829856671740234,B種,CAPEX+20%
東京,16,2000,8000,652800000.0,0.9,0.7077304417185655,38515200,10000000,2402880,1277566,52195646,1415,15111,21382065,30813581,31536000.0,0.9770922437848808,1.655113077118214,0.9770922437848808,B種,CAPEX+20%
東京,17,2000,8000,652800000.0,0.9,0.7077304417185655,36556799.0,10000000,2402880,1115315,50074994.0,1415,15111,21382065,28692929.0,31536000.0,0.9098468099949264,1.5878676433282597,0.9098468099949264,B種,CAPEX+20%
東京,18,2000,8000,652800000.0,0.9,0.7077304417185655,0,10000000,2402880,973670,13376550,1415,15111,21382065,-8005515,31536000.0,-0.25385321537290717,0.4241676179604262,0.33,A種,CAPEX+20%
東京,19,2000,8000,652800000.0,0.9,0.7077304417185655,0,10000000,2402880,850014,13252894,1415,15111,21382065,-8129171,31536000.0,-0.25777432141045153,0.42024651192288176,0.33,A種,CAPEX+20%
東京,20,2000,8000,652800000.0,0.9,0.7077304417185655,0,10000000,2402880,742062,13144942,1415,15111,21382065,-8237123,31536000.0,-0.2611974568746829,0.4168233764586504,0.33,A種,CAPEX+20%
東京,1,2000,8000,435200000.0,0.9,0.7077304417185655,25676800,10000000,2402880,0,38079680,1415,15111,0,38079680,31536000.0,1.2074987316083206,1.2074987316083206,1.2074987316083206,B種,CAPEX-20%
東京,2,2000,8000,435200000.0,0.9,0.7077304417185655,25676800,10000000,2402880,5702861,43782541,1415,15111,21382065,22400476,31536000.0,0.710314434297311,1.3883352676306444,0.710314434297311,B種,CAPEX-20%
東京,3,2000,8000,435200000.0,0.9,0.7077304417185655,25676800,10000000,2402880,4978597,43058277,1415,15111,21382065,21676212,31536000.0,0.6873481735159818,1.3653690068493152,0.6873481735159818,B種,CAPEX-20%
東京,4,2000,8000,435200000.0,0.9,0.7077304417185655,25676800,10000000,2402880,4346316,42425996,1415,15111,21382065,21043931,31536000.0,0.667298674530695,1.3453195078640283,0.667298674530695,B種,CAPEX-20%
東京,5,2000,8000,435200000.0,0.9,0.7077304417185655,25676800,10000000,2402880,3794334,41874014,1415,15111,21382065,20491949,31536000.0,0.6497954401319127,1.327816273465246,0.6497954401319127,B種,CAPEX-20%
東京,6,2000,8000,435200000.0,0.9,0.7077304417185655,25676800,10000000,2402880,3312453,41392133,1415,15111,21382065,20010068,31536000.0,0.6345150938609843,1.3125359271943176,0.6345150938609843,B種,CAPEX-20%
東京,7,2000,8000,435200000.0,0.9,0.7077304417185655,25676800,10000000,2402880,2891772,40971452,1415,15111,21382065,19589387,31536000.0,0.6211753868594622,1.2991962201927956,0.6211753868594622,B種,CAPEX-20%
東京,8,2000,8000,435200000.0,0.9,0.7077304417185655,25676800,10000000,2402880,2524517,40604197,1415,15111,21382065,19222132,31536000.0,0.6095298072044647,1.287550640537798,0.6095298072044647,B種,CAPEX-20%
東京,9,2000,8000,435200000.0,0.9,0.7077304417185655,25676800,10000000,2402880,2203903,40283583,1415,15111,21382065,18901518,31536000.0,0.5993632039573821,1.2773840372907155,0.5993632039573821,B種,CAPEX-20%
東京,10,2000,8000,435200000.0,0.9,0.7077304417185655,25676800,10000000,2402880,1924007,40003687,1415,15111,21382065,18621622,31536000.0,0.5904877600202942,1.2685085933536275,0.5904877600202942,B種,CAPEX-20%
東京,11,2000,8000,435200000.0,0.9,0.7077304417185655,25676800,10000000,2402880,1679658,39759338,1415,15111,21382065,18377273,31536000.0,0.5827395040588533,1.2607603373921867,0.5827395040588533,B種,CAPEX-20%
東京,12,2000,8000,435200000.0,0.9,0.7077304417185655,25676800,10000000,2402880,1466342,39546022,1415,15111,21382065,18163957,31536000.0,0.5759752980720446,1.253996131405378,0.5759752980720446,B種,CAPEX-20%
東京,13,2000,8000,435200000.0,0.9,0.7077304417185655,25676800,10000000,2402880,1280116,39359796,1415,15111,21382065,17977731,31536000.0,0.5700701103500762,1.2480909436834093,0.5700701103500762,B種,CAPEX-20%
東京,14,2000,8000,435200000.0,0.9,0.7077304417185655,25676800,10000000,2402880,1117542,39197222,1415,15111,21382065,17815157,31536000.0,0.5649149226281076,1.242935755961441,0.5649149226281076,B種,CAPEX-20%
東京,15,2000,8000,435200000.0,0.9,0.7077304417185655,25676800,10000000,2402880,975614,39055294,1415,15111,21382065,17673229,31536000.0,0.5604144152714359,1.2384352486047692,0.5604144152714359,B種,CAPEX-20%
東京,16,2000,8000,435200000.0,0.9,0.7077304417185655,25676800,10000000,2402880,851711,38931391,1415,15111,21382065,17549326,31536000.0,0.5564854769152714,1.2345063102486047,0.5564854769152714,B種,CAPEX-20%
東京,17,2000,8000,435200000.0,0.9,0.7077304417185655,24371199.0,10000000,2402880,743544,37517623.0,1415,15111,21382065,16135558.0,31536000.0,0.5116551877219685,1.189676021055302,0.5116551877219685,B種,CAPEX-20%
東京,18,2000,8000,435200000.0,0.9,0.7077304417185655,0,10000000,2402880,649114,13051994,1415,15111,21382065,-8330071,31536000.0,-0.26414481861998984,0.41387601471334345,0.33,A種,CAPEX-20%
東京,19,2000,8000,435200000.0,0.9,0.7077304417185655,0,10000000,2402880,566676,12969556,1415,15111,21382065,-8412509,31536000.0,-0.2667589104515474,0.41126192288178587,0.33,A種,CAPEX-20%
東京,20,2000,8000,435200000.0,0.9,0.7077304417185655,0,10000000,2402880,494708,12897588,1415,15111,21382065,-8484477,31536000.0,-0.269041000761035,0.4089798325722983,0.33,A種,CAPEX-20%
東京,1,2000,8000,544000000,0.8,0.7077304417185655,32096000,10000000,2402880,0,44498880,1415,15111,0,44498880,28032000.0,1.587431506849315,1.587431506849315,1.587431506849315,B種,r=80%
東京,2,2000,8000,544000000,0.8,0.7077304417185655,32096000,10000000,2402880,7128576,51627456,1415,15111,21382065,30245391,28032000.0,1.0789594392123287,1.8417328767123287,1.0789594392123287,B種,r=80%
東京,3,2000,8000,544000000,0.8,0.7077304417185655,32096000,10000000,2402880,6223247,50722127,1415,15111,21382065,29340062,28032000.0,1.0466631706621004,1.8094366081621005,1.0466631706621004,B種,r=80%
東京,4,2000,8000,544000000,0.8,0.7077304417185655,32096000,10000000,2402880,5432894,49931774,1415,15111,21382065,28549709,28032000.0,1.0184685002853882,1.781241937785388,1.0184685002853882,B種,r=80%
東京,5,2000,8000,544000000,0.8,0.7077304417185655,32096000,10000000,2402880,4742917,49241797,1415,15111,21382065,27859732,28032000.0,0.9938545947488584,1.7566280322488586,0.9938545947488584,B種,r=80%
東京,6,2000,8000,544000000,0.8,0.7077304417185655,32096000,10000000,2402880,4140566,48639446,1415,15111,21382065,27257381,28032000.0,0.9723666167237442,1.7351400542237443,0.9723666167237442,B種,r=80%
東京,7,2000,8000,544000000,0.8,0.7077304417185655,32096000,10000000,2402880,3614715,48113595,1415,15111,21382065,26731530,28032000.0,0.9536076626712329,1.7163811001712328,0.9536076626712329,B種,r=80%
東京,8,2000,8000,544000000,0.8,0.7077304417185655,32096000,10000000,2402880,3155646,47654526,1415,15111,21382065,26272461,28032000.0,0.9372310573630137,1.7000044948630137,0.9372310573630137,B種,r=80%
東京,9,2000,8000,544000000,0.8,0.7077304417185655,32096000,10000000,2402880,2754879,47253759,1415,15111,21382065,25871694,28032000.0,0.9229342893835616,1.6857077268835616,0.9229342893835616,B種,r=80%
東京,10,2000,8000,544000000,0.8,0.7077304417185655,32096000,10000000,2402880,2405009,46903889,1415,15111,21382065,25521824,28032000.0,0.9104531963470319,1.673226633847032,0.9104531963470319,B種,r=80%
東京,11,2000,8000,544000000,0.8,0.7077304417185655,32096000,10000000,2402880,2099573,46598453,1415,15111,21382065,25216388,28032000.0,0.8995572203196347,1.6623306578196346,0.8995572203196347,B種,r=80%
東京,12,2000,8000,544000000,0.8,0.7077304417185655,32096000,10000000,2402880,1832927,46331807,1415,15111,21382065,24949742,28032000.0,0.890045019977169,1.652818457477169,0.890045019977169,B種,r=80%
東京,13,2000,8000,544000000,0.8,0.7077304417185655,32096000,10000000,2402880,1600145,46099025,1415,15111,21382065,24716960,28032000.0,0.8817408675799087,1.6445143050799087,0.8817408675799087,B種,r=80%
東京,14,2000,8000,544000000,0.8,0.7077304417185655,32096000,10000000,2402880,1396927,45895807,1415,15111,21382065,24513742,28032000.0,0.8744913670091324,1.6372648045091325,0.8744913670091324,B種,r=80%
東京,15,2000,8000,544000000,0.8,0.7077304417185655,32096000,10000000,2402880,1219517,45718397,1415,15111,21382065,24336332,28032000.0,0.8681625285388128,1.6309359660388127,0.8681625285388128,B種,r=80%
東京,16,2000,8000,544000000,0.8,0.7077304417185655,32096000,10000000,2402880,1064639,45563519,1415,15111,21382065,24181454,28032000.0,0.8626374857305936,1.6254109232305936,0.8626374857305936,B種,r=80%
東京,17,2000,8000,544000000,0.8,0.7077304417185655,30463999,10000000,2402880,929429,43796308,1415,15111,21382065,22414243,28032000.0,0.7995948558789955,1.5623682933789955,0.7995948558789955,B種,r=80%
東京,18,2000,8000,544000000,0.8,0.7077304417185655,0,10000000,2402880,811392,13214272,1415,15111,21382065,-8167793,28032000.0,-0.29137389412100456,0.4713995433789954,0.33,A種,r=80%
東京,19,2000,8000,544000000,0.8,0.7077304417185655,0,10000000,2402880,708345,13111225,1415,15111,21382065,-8270840,28032000.0,-0.2950499429223744,0.4677234945776256,0.33,A種,r=80%
東京,20,2000,8000,544000000,0.8,0.7077304417185655,0,10000000,2402880,618385,13021265,1415,15111,21382065,-8360800,28032000.0,-0.29825913242009133,0.46451430507990865,0.33,A種,r=80%
東京,1,2000,8000,544000000,0.9,0.7077304417185655,32096000,10000000,2402880,0,44498880,1415,15111,0,44498880,31536000.0,1.4110502283105022,1.4110502283105022,1.4110502283105022,B種,r=90%
東京,2,2000,8000,544000000,0.9,0.7077304417185655,32096000,10000000,2402880,7128576,51627456,1415,15111,21382065,30245391,31536000.0,0.9590750570776255,1.637095890410959,0.9590750570776255,B種,r=90%
東京,3,2000,8000,544000000,0.9,0.7077304417185655,32096000,10000000,2402880,6223247,50722127,1415,15111,21382065,29340062,31536000.0,0.930367262810756,1.6083880961440893,0.930367262810756,B種,r=90%
東京,4,2000,8000,544000000,0.9,0.7077304417185655,32096000,10000000,2402880,5432894,49931774,1415,15111,21382065,28549709,31536000.0,0.9053053335870117,1.5833261669203451,0.9053053335870117,B種,r=90%
東京,5,2000,8000,544000000,0.9,0.7077304417185655,32096000,10000000,2402880,4742917,49241797,1415,15111,21382065,27859732,31536000.0,0.8834263064434297,1.561447139776763,0.8834263064434297,B種,r=90%
東京,6,2000,8000,544000000,0.9,0.7077304417185655,32096000,10000000,2402880,4140566,48639446,1415,15111,21382065,27257381,31536000.0,0.8643258815322171,1.5423467148655505,0.8643258815322171,B種,r=90%
東京,7,2000,8000,544000000,0.9,0.7077304417185655,32096000,10000000,2402880,3614715,48113595,1415,15111,21382065,26731530,31536000.0,0.8476512557077626,1.525672089041096,0.8476512557077626,B種,r=90%
東京,8,2000,8000,544000000,0.9,0.7077304417185655,32096000,10000000,2402880,3155646,47654526,1415,15111,21382065,26272461,31536000.0,0.8330942732115677,1.511115106544901,0.8330942732115677,B種,r=90%
東京,9,2000,8000,544000000,0.9,0.7077304417185655,32096000,10000000,2402880,2754879,47253759,1415,15111,21382065,25871694,31536000.0,0.8203860350076103,1.4984068683409437,0.8203860350076103,B種,r=90%
東京,10,2000,8000,544000000,0.9,0.7077304417185655,32096000,10000000,2402880,2405009,46903889,1415,15111,21382065,25521824,31536000.0,0.8092917300862507,1.487312563419584,0.8092917300862507,B種,r=90%
東京,11,2000,8000,544000000,0.9,0.7077304417185655,32096000,10000000,2402880,2099573,46598453,1415,15111,21382065,25216388,31536000.0,0.7996064180618975,1.4776272513952309,0.7996064180618975,B種,r=90%
東京,12,2000,8000,544000000,0.9,0.7077304417185655,32096000,10000000,2402880,1832927,46331807,1415,15111,21382065,24949742,31536000.0,0.7911511288685946,1.469171962201928,0.7911511288685946,B種,r=90%
東京,13,2000,8000,544000000,0.9,0.7077304417185655,32096000,10000000,2402880,1600145,46099025,1415,15111,21382065,24716960,31536000.0,0.7837696600710299,1.4617904934043633,0.7837696600710299,B種,r=90%
東京,14,2000,8000,544000000,0.9,0.7077304417185655,32096000,10000000,2402880,1396927,45895807,1415,15111,21382065,24513742,31536000.0,0.7773256595636733,1.4553464928970066,0.7773256595636733,B種,r=90%
東京,15,2000,8000,544000000,0.9,0.7077304417185655,32096000,10000000,2402880,1219517,45718397,1415,15111,21382065,24336332,31536000.0,0.7717000253678336,1.449720858701167,0.7717000253678336,B種,r=90%
東京,16,2000,8000,544000000,0.9,0.7077304417185655,32096000,10000000,2402880,1064639,45563519,1415,15111,21382065,24181454,31536000.0,0.766788876204972,1.4448097095383055,0.766788876204972,B種,r=90%
東京,17,2000,8000,544000000,0.9,0.7077304417185655,30463999,10000000,2402880,929429,43796308,1415,15111,21382065,22414243,31536000.0,0.7107509830035516,1.3887718163368847,0.7107509830035516,B種,r=90%
東京,18,2000,8000,544000000,0.9,0.7077304417185655,0,10000000,2402880,811392,13214272,1415,15111,21382065,-8167793,31536000.0,-0.2589990169964485,0.41902181633688484,0.33,A種,r=90%
東京,19,2000,8000,544000000,0.9,0.7077304417185655,0,10000000,2402880,708345,13111225,1415,15111,21382065,-8270840,31536000.0,-0.2622666159309995,0.4157542174023338,0.33,A種,r=90%
東京,20,2000,8000,544000000,0.9,0.7077304417185655,0,10000000,2402880,618385,13021265,1415,15111,21382065,-8360800,31536000.0,-0.26511922881785893,0.41290160451547436,0.33,A種,r=90%
東京,1,2000,8000,544000000,0.95,0.7077304417185655,32096000,10000000,2402880,0,44498880,1415,15111,0,44498880,33288000.0,1.3367844268204758,1.3367844268204758,1.3367844268204758,B種,r=95%
東京,2,2000,8000,544000000,0.95,0.7077304417185655,32096000,10000000,2402880,7128576,51627456,1415,15111,21382065,30245391,33288000.0,0.9085974224945926,1.550932948810382,0.9085974224945926,B種,r=95%
東京,3,2000,8000,544000000,0.95,0.7077304417185655,32096000,10000000,2402880,6223247,50722127,1415,15111,21382065,29340062,33288000.0,0.8814005647680846,1.523736091083874,0.8814005647680846,B種,r=95%
東京,4,2000,8000,544000000,0.95,0.7077304417185655,32096000,10000000,2402880,5432894,49931774,1415,15111,21382065,28549709,33288000.0,0.8576576844508531,1.4999932107666427,0.8576576844508531,B種,r=95%
東京,5,2000,8000,544000000,0.95,0.7077304417185655,32096000,10000000,2402880,4742917,49241797,1415,15111,21382065,27859732,33288000.0,0.8369301850516703,1.4792657113674597,0.8369301850516703,B種,r=95%
東京,6,2000,8000,544000000,0.95,0.7077304417185655,32096000,10000000,2402880,4140566,48639446,1415,15111,21382065,27257381,33288000.0,0.8188350456621004,1.46117057197789,0.8188350456621004,B種,r=95%
東京,7,2000,8000,544000000,0.95,0.7077304417185655,32096000,10000000,2402880,3614715,48113595,1415,15111,21382065,26731530,33288000.0,0.8030380317231435,1.4453735580389329,0.8030380317231435,B種,r=95%
東京,8,2000,8000,544000000,0.95,0.7077304417185655,32096000,10000000,2402880,3155646,47654526,1415,15111,21382065,26272461,33288000.0,0.7892472062004325,1.431582732516222,0.7892472062004325,B種,r=95%
東京,9,2000,8000,544000000,0.95,0.7077304417185655,32096000,10000000,2402880,2754879,47253759,1415,15111,21382065,25871694,33288000.0,0.7772078226387887,1.4195433489545781,0.7772078226387887,B種,r=95%
東京,10,2000,8000,544000000,0.95,0.7077304417185655,32096000,10000000,2402880,2405009,46903889,1415,15111,21382065,25521824,33288000.0,0.7666974285027638,1.4090329548185532,0.7666974285027638,B種,r=95%
東京,11,2000,8000,544000000,0.95,0.7077304417185655,32096000,10000000,2402880,2099573,46598453,1415,15111,21382065,25216388,33288000.0,0.7575218697428503,1.3998573960586398,0.7575218697428503,B種,r=95%
東京,12,2000,8000,544000000,0.95,0.7077304417185655,32096000,10000000,2402880,1832927,46331807,1415,15111,21382065,24949742,33288000.0,0.7495115957702475,1.3918471220860371,0.7495115957702475,B種,r=95%
東京,13,2000,8000,544000000,0.95,0.7077304417185655,32096000,10000000,2402880,1600145,46099025,1415,15111,21382065,24716960,33288000.0,0.7425186253304494,1.384854151646239,0.7425186253304494,B種,r=95%
東京,14,2000,8000,544000000,0.95,0.7077304417185655,32096000,10000000,2402880,1396927,45895807,1415,15111,21382065,24513742,33288000.0,0.7364137827445326,1.378749309060322,0.7364137827445326,B種,r=95%
東京,15,2000,8000,544000000,0.95,0.7077304417185655,32096000,10000000,2402880,1219517,45718397,1415,15111,21382065,24336332,33288000.0,0.7310842345590003,1.3734197608747898,0.7310842345590003,B種,r=95%
東京,16,2000,8000,544000000,0.95,0.7077304417185655,32096000,10000000,2402880,1064639,45563519,1415,15111,21382065,24181454,33288000.0,0.7264315669310262,1.3687670932468157,0.7264315669310262,B種,r=95%
東京,17,2000,8000,544000000,0.95,0.7077304417185655,30463999,10000000,2402880,929429,43796308,1415,15111,21382065,22414243,33288000.0,0.6733430365296804,1.31567856284547,0.6733430365296804,B種,r=95%
東京,18,2000,8000,544000000,0.95,0.7077304417185655,0,10000000,2402880,811392,13214272,1415,15111,21382065,-8167793,33288000.0,-0.24536748978610912,0.3969680365296804,0.33,A種,r=95%
東京,19,2000,8000,544000000,0.95,0.7077304417185655,0,10000000,2402880,708345,13111225,1415,15111,21382065,-8270840,33288000.0,-0.24846310982936795,0.3938724164864215,0.33,A種,r=95%
東京,20,2000,8000,544000000,0.95,0.7077304417185655,0,10000000,2402880,618385,13021265,1415,15111,21382065,-8360800,33288000.0,-0.2511655851958664,0.3911699411199231,0.33,A種,r=95%
東京,1,2000,4000,272000000,0.9,0.0,16048000,10000000,2402880,0,28450880,0,15111,0,28450880,31536000.0,0.9021714865550482,0.9021714865550482,0.9021714865550482,B種,2時間電池（控除なし）
東京,2,2000,4000,272000000,0.9,0.0,16048000,10000000,2402880,3564288,32015168,0,15111,0,32015168,31536000.0,1.0151943176052765,1.0151943176052765,1.0151943176052765,B種,2時間電池（控除なし）
東京,3,2000,4000,272000000,0.9,0.0,16048000,10000000,2402880,3111623,31562503,0,15111,0,31562503,31536000.0,1.0008404046169457,1.0008404046169457,1.0008404046169457,B種,2時間電池（控除なし）
東京,4,2000,4000,272000000,0.9,0.0,16048000,10000000,2402880,2716447,31167327,0,15111,0,31167327,31536000.0,0.9883094558599695,0.9883094558599695,0.9883094558599695,B種,2時間電池（控除なし）
東京,5,2000,4000,272000000,0.9,0.0,16048000,10000000,2402880,2371458,30822338,0,15111,0,30822338,31536000.0,0.9773699264332826,0.9773699264332826,0.9773699264332826,B種,2時間電池（控除なし）
東京,6,2000,4000,272000000,0.9,0.0,16048000,10000000,2402880,2070283,30521163,0,15111,0,30521163,31536000.0,0.9678197298325723,0.9678197298325723,0.9678197298325723,B種,2時間電池（控除なし）
東京,7,2000,4000,272000000,0.9,0.0,16048000,10000000,2402880,1807357,30258237,0,15111,0,30258237,31536000.0,0.959482401065449,0.959482401065449,0.959482401065449,B種,2時間電池（控除なし）
東京,8,2000,4000,272000000,0.9,0.0,16048000,10000000,2402880,1577823,30028703,0,15111,0,30028703,31536000.0,0.9522039256722475,0.9522039256722475,0.9522039256722475,B種,2時間電池（控除なし）
東京,9,2000,4000,272000000,0.9,0.0,16048000,10000000,2402880,1377439,29828319,0,15111,0,29828319,31536000.0,0.9458497907153729,0.9458497907153729,0.9458497907153729,B種,2時間電池（控除なし）
東京,10,2000,4000,272000000,0.9,0.0,16048000,10000000,2402880,1202505,29653385,0,15111,0,29653385,31536000.0,0.9403026699644851,0.9403026699644851,0.9403026699644851,B種,2時間電池（控除なし）
東京,11,2000,4000,272000000,0.9,0.0,16048000,10000000,2402880,1049786,29500666,0,15111,0,29500666,31536000.0,0.9354599822425165,0.9354599822425165,0.9354599822425165,B種,2時間電池（控除なし）
東京,12,2000,4000,272000000,0.9,0.0,16048000,10000000,2402880,916464,29367344,0,15111,0,29367344,31536000.0,0.931232369355657,0.931232369355657,0.931232369355657,B種,2時間電池（控除なし）
東京,13,2000,4000,272000000,0.9,0.0,16048000,10000000,2402880,800073,29250953,0,15111,0,29250953,31536000.0,0.9275416349568747,0.9275416349568747,0.9275416349568747,B種,2時間電池（控除なし）
東京,14,2000,4000,272000000,0.9,0.0,16048000,10000000,2402880,698463,29149343,0,15111,0,29149343,31536000.0,0.9243196029934043,0.9243196029934043,0.9243196029934043,B種,2時間電池（控除なし）
東京,15,2000,4000,272000000,0.9,0.0,16048000,10000000,2402880,609759,29060639,0,15111,0,29060639,31536000.0,0.9215068176052765,0.9215068176052765,0.9215068176052765,B種,2時間電池（控除なし）
東京,16,2000,4000,272000000,0.9,0.0,16048000,10000000,2402880,532319,28983199,0,15111,0,28983199,31536000.0,0.9190512113140538,0.9190512113140538,0.9190512113140538,B種,2時間電池（控除なし）
東京,17,2000,4000,272000000,0.9,0.0,15231999,10000000,2402880,464715,28099594,0,15111,0,28099594,31536000.0,0.8910322805682395,0.8910322805682395,0.8910322805682395,B種,2時間電池（控除なし）
東京,18,2000,4000,272000000,0.9,0.0,0,10000000,2402880,405696,12808576,0,15111,0,12808576,31536000.0,0.40615728056823946,0.40615728056823946,0.40615728056823946,B種,2時間電池（控除なし）
東京,19,2000,4000,272000000,0.9,0.0,0,10000000,2402880,354173,12757053,0,15111,0,12757053,31536000.0,0.40452349695586,0.40452349695586,0.40452349695586,B種,2時間電池（控除なし）
東京,20,2000,4000,272000000,0.9,0.0,0,10000000,2402880,309193,12712073,0,15111,0,12712073,31536000.0,0.40309719051243026,0.40309719051243026,0.40309719051243026,B種,2時間電池（控除なし）
東京,1,2000,8000,544000000,0.9,0.0,32096000,10000000,2402880,0,44498880,0,15111,0,44498880,31536000.0,1.4110502283105022,1.4110502283105022,1.4110502283105022,B種,控除なし（α=0）
東京,2,2000,8000,544000000,0.9,0.0,32096000,10000000,2402880,7128576,51627456,0,15111,0,51627456,31536000.0,1.637095890410959,1.637095890410959,1.637095890410959,B種,控除なし（α=0）
東京,3,2000,8000,544000000,0.9,0.0,32096000,10000000,2402880,6223247,50722127,0,15111,0,50722127,31536000.0,1.6083880961440893,1.6083880961440893,1.6083880961440893,B種,控除なし（α=0）
東京,4,2000,8000,544000000,0.9,0.0,32096000,10000000,2402880,5432894,49931774,0,15111,0,49931774,31536000.0,1.5833261669203451,1.5833261669203451,1.5833261669203451,B種,控除なし（α=0）
東京,5,2000,8000,544000000,0.9,0.0,32096000,10000000,2402880,4742917,49241797,0,15111,0,49241797,31536000.0,1.561447139776763,1.561447139776763,1.561447139776763,B種,控除なし（α=0）
東京,6,2000,8000,544000000,0.9,0.0,32096000,10000000,2402880,4140566,48639446,0,15111,0,48639446,31536000.0,1.5423467148655505,1.5423467148655505,1.5423467148655505,B種,控除なし（α=0）
東京,7,2000,8000,544000000,0.9,0.0,32096000,10000000,2402880,3614715,48113595,0,15111,0,48113595,31536000.0,1.525672089041096,1.525672089041096,1.525672089041096,B種,控除なし（α=0）
東京,8,2000,8000,544000000,0.9,0.0,32096000,10000000,2402880,3155646,47654526,0,15111,0,47654526,31536000.0,1.511115106544901,1.511115106544901,1.511115106544901,B種,控除なし（α=0）
東京,9,2000,8000,544000000,0.9,0.0,32096000,10000000,2402880,2754879,47253759,0,15111,0,47253759,31536000.0,1.4984068683409437,1.4984068683409437,1.4984068683409437,B種,控除なし（α=0）
東京,10,2000,8000,544000000,0.9,0.0,32096000,10000000,2402880,2405009,46903889,0,15111,0,46903889,31536000.0,1.487312563419584,1.487312563419584,1.487312563419584,B種,控除なし（α=0）
東京,11,2000,8000,544000000,0.9,0.0,32096000,10000000,2402880,2099573,46598453,0,15111,0,46598453,31536000.0,1.4776272513952309,1.4776272513952309,1.4776272513952309,B種,控除なし（α=0）
東京,12,2000,8000,544000000,0.9,0.0,32096000,10000000,2402880,1832927,46331807,0,15111,0,46331807,31536000.0,1.469171962201928,1.469171962201928,1.469171962201928,B種,控除なし（α=0）
東京,13,2000,8000,544000000,0.9,0.0,32096000,10000000,2402880,1600145,46099025,0,15111,0,46099025,31536000.0,1.4617904934043633,1.4617904934043633,1.4617904934043633,B種,控除なし（α=0）
東京,14,2000,8000,544000000,0.9,0.0,32096000,10000000,2402880,1396927,45895807,0,15111,0,45895807,31536000.0,1.4553464928970066,1.4553464928970066,1.4553464928970066,B種,控除なし（α=0）
東京,15,2000,8000,544000000,0.9,0.0,32096000,10000000,2402880,1219517,45718397,0,15111,0,45718397,31536000.0,1.449720858701167,1.449720858701167,1.449720858701167,B種,控除なし（α=0）
東京,16,2000,8000,544000000,0.9,0.0,32096000,10000000,2402880,1064639,45563519,0,15111,0,45563519,31536000.0,1.4448097095383055,1.4448097095383055,1.4448097095383055,B種,控除なし（α=0）
東京,17,2000,8000,544000000,0.9,0.0,30463999,10000000,2402880,929429,43796308,0,15111,0,43796308,31536000.0,1.3887718163368847,1.3887718163368847,1.3887718163368847,B種,控除なし（α=0）
東京,18,2000,8000,544000000,0.9,0.0,0,10000000,2402880,811392,13214272,0,15111,0,13214272,31536000.0,0.41902181633688484,0.41902181633688484,0.41902181633688484,B種,控除なし（α=0）
東京,19,2000,8000,544000000,0.9,0.0,0,10000000,2402880,708345,13111225,0,15111,0,13111225,31536000.0,0.4157542174023338,0.4157542174023338,0.4157542174023338,B種,控除なし（α=0）
東京,20,2000,8000,544000000,0.9,0.0,0,10000000,2402880,618385,13021265,0,15111,0,13021265,31536000.0,0.41290160451547436,0.41290160451547436,0.41290160451547436,B種,控除なし（α=0）
東京,1,2000,8000,544000000,0.9,0.5952581533212499,32096000,10000000,2402880,0,44498880,1191,15111,0,44498880,31536000.0,1.4110502283105022,1.4110502283105022,1.4110502283105022,B種,調整係数=occto2029_3h
東京,2,2000,8000,544000000,0.9,0.5952581533212499,32096000,10000000,2402880,7128576,51627456,1191,15111,17997201,33630255,31536000.0,1.066408390410959,1.637095890410959,1.066408390410959,B種,調整係数=occto2029_3h
東京,3,2000,8000,544000000,0.9,0.5952581533212499,32096000,10000000,2402880,6223247,50722127,1191,15111,17997201,32724926,31536000.0,1.0377005961440893,1.6083880961440893,1.0377005961440893,B種,調整係数=occto2029_3h
東京,4,2000,8000,544000000,0.9,0.5952581533212499,32096000,10000000,2402880,5432894,49931774,1191,15111,17997201,31934573,31536000.0,1.012638666920345,1.5833261669203451,1.012638666920345,B種,調整係数=occto2029_3h
東京,5,2000,8000,544000000,0.9,0.5952581533212499,32096000,10000000,2402880,4742917,49241797,1191,15111,17997201,31244596,31536000.0,0.9907596397767631,1.561447139776763,0.9907596397767631,B種,調整係数=occto2029_3h
東京,6,2000,8000,544000000,0.9,0.5952581533212499,32096000,10000000,2402880,4140566,48639446,1191,15111,17997201,30642245,31536000.0,0.9716592148655505,1.5423467148655505,0.9716592148655505,B種,調整係数=occto2029_3h
東京,7,2000,8000,544000000,0.9,0.5952581533212499,32096000,10000000,2402880,3614715,48113595,1191,15111,17997201,30116394,31536000.0,0.9549845890410958,1.525672089041096,0.9549845890410958,B種,調整係数=occto2029_3h
東京,8,2000,8000,544000000,0.9,0.5952581533212499,32096000,10000000,2402880,3155646,47654526,1191,15111,17997201,29657325,31536000.0,0.9404276065449011,1.511115106544901,0.9404276065449011,B種,調整係数=occto2029_3h
東京,9,2000,8000,544000000,0.9,0.5952581533212499,32096000,10000000,2402880,2754879,47253759,1191,15111,17997201,29256558,31536000.0,0.9277193683409437,1.4984068683409437,0.9277193683409437,B種,調整係数=occto2029_3h
東京,10,2000,8000,544000000,0.9,0.5952581533212499,32096000,10000000,2402880,2405009,46903889,1191,15111,17997201,28906688,31536000.0,0.9166250634195839,1.487312563419584,0.9166250634195839,B種,調整係数=occto2029_3h
東京,11,2000,8000,544000000,0.9,0.5952581533212499,32096000,10000000,2402880,2099573,46598453,1191,15111,17997201,28601252,31536000.0,0.9069397513952309,1.4776272513952309,0.9069397513952309,B種,調整係数=occto2029_3h
東京,12,2000,8000,544000000,0.9,0.5952581533212499,32096000,10000000,2402880,1832927,46331807,1191,15111,17997201,28334606,31536000.0,0.8984844622019279,1.469171962201928,0.8984844622019279,B種,調整係数=occto2029_3h
東京,13,2000,8000,544000000,0.9,0.5952581533212499,32096000,10000000,2402880,1600145,46099025,1191,15111,17997201,28101824,31536000.0,0.8911029934043633,1.4617904934043633,0.8911029934043633,B種,調整係数=occto2029_3h
東京,14,2000,8000,544000000,0.9,0.5952581533212499,32096000,10000000,2402880,1396927,45895807,1191,15111,17997201,27898606,31536000.0,0.8846589928970066,1.4553464928970066,0.8846589928970066,B種,調整係数=occto2029_3h
東京,15,2000,8000,544000000,0.9,0.5952581533212499,32096000,10000000,2402880,1219517,45718397,1191,15111,17997201,27721196,31536000.0,0.879033358701167,1.449720858701167,0.879033358701167,B種,調整係数=occto2029_3h
東京,16,2000,8000,544000000,0.9,0.5952581533212499,32096000,10000000,2402880,1064639,45563519,1191,15111,17997201,27566318,31536000.0,0.8741222095383054,1.4448097095383055,0.8741222095383054,B種,調整係数=occto2029_3h
東京,17,2000,8000,544000000,0.9,0.5952581533212499,30463999,10000000,2402880,929429,43796308,1191,15111,17997201,25799107,31536000.0,0.8180843163368848,1.3887718163368847,0.8180843163368848,B種,調整係数=occto2029_3h
東京,18,2000,8000,544000000,0.9,0.5952581533212499,0,10000000,2402880,811392,13214272,1191,15111,17997201,-4782929,31536000.0,-0.15166568366311517,0.41902181633688484,0.33,A種,調整係数=occto2029_3h
東京,19,2000,8000,544000000,0.9,0.5952581533212499,0,10000000,2402880,708345,13111225,1191,15111,17997201,-4885976,31536000.0,-0.15493328259766617,0.4157542174023338,0.33,A種,調整係数=occto2029_3h
東京,20,2000,8000,544000000,0.9,0.5952581533212499,0,10000000,2402880,618385,13021265,1191,15111,17997201,-4975936,31536000.0,-0.15778589548452562,0.41290160451547436,0.33,A種,調整係数=occto2029_3h
東京,1,2000,8000,544000000,0.9,1.0,32096000,10000000,2402880,0,44498880,2000,15111,0,44498880,31536000.0,1.4110502283105022,1.4110502283105022,1.4110502283105022,B種,調整係数=upper_bound_100pct
東京,2,2000,8000,544000000,0.9,1.0,32096000,10000000,2402880,7128576,51627456,2000,15111,30222000,21405456,31536000.0,0.6787625570776256,1.637095890410959,0.6787625570776256,B種,調整係数=upper_bound_100pct
東京,3,2000,8000,544000000,0.9,1.0,32096000,10000000,2402880,6223247,50722127,2000,15111,30222000,20500127,31536000.0,0.6500547628107559,1.6083880961440893,0.6500547628107559,B種,調整係数=upper_bound_100pct
東京,4,2000,8000,544000000,0.9,1.0,32096000,10000000,2402880,5432894,49931774,2000,15111,30222000,19709774,31536000.0,0.6249928335870116,1.5833261669203451,0.6249928335870116,B種,調整係数=upper_bound_100pct
東京,5,2000,8000,544000000,0.9,1.0,32096000,10000000,2402880,4742917,49241797,2000,15111,30222000,19019797,31536000.0,0.6031138064434297,1.561447139776763,0.6031138064434297,B種,調整係数=upper_bound_100pct
東京,6,2000,8000,544000000,0.9,1.0,32096000,10000000,2402880,4140566,48639446,2000,15111,30222000,18417446,31536000.0,0.5840133815322172,1.5423467148655505,0.5840133815322172,B種,調整係数=upper_bound_100pct
東京,7,2000,8000,544000000,0.9,1.0,32096000,10000000,2402880,3614715,48113595,2000,15111,30222000,17891595,31536000.0,0.5673387557077626,1.525672089041096,0.5673387557077626,B種,調整係数=upper_bound_100pct
東京,8,2000,8000,544000000,0.9,1.0,32096000,10000000,2402880,3155646,47654526,2000,15111,30222000,17432526,31536000.0,0.5527817732115677,1.511115106544901,0.5527817732115677,B種,調整係数=upper_bound_100pct
東京,9,2000,8000,544000000,0.9,1.0,32096000,10000000,2402880,2754879,47253759,2000,15111,30222000,17031759,31536000.0,0.5400735350076104,1.4984068683409437,0.5400735350076104,B種,調整係数=upper_bound_100pct
東京,10,2000,8000,544000000,0.9,1.0,32096000,10000000,2402880,2405009,46903889,2000,15111,30222000,16681889,31536000.0,0.5289792300862506,1.487312563419584,0.5289792300862506,B種,調整係数=upper_bound_100pct
東京,11,2000,8000,544000000,0.9,1.0,32096000,10000000,2402880,2099573,46598453,2000,15111,30222000,16376453,31536000.0,0.5192939180618975,1.4776272513952309,0.5192939180618975,B種,調整係数=upper_bound_100pct
東京,12,2000,8000,544000000,0.9,1.0,32096000,10000000,2402880,1832927,46331807,2000,15111,30222000,16109807,31536000.0,0.5108386288685947,1.469171962201928,0.5108386288685947,B種,調整係数=upper_bound_100pct
東京,13,2000,8000,544000000,0.9,1.0,32096000,10000000,2402880,1600145,46099025,2000,15111,30222000,15877025,31536000.0,0.5034571600710299,1.4617904934043633,0.5034571600710299,B種,調整係数=upper_bound_100pct
東京,14,2000,8000,544000000,0.9,1.0,32096000,10000000,2402880,1396927,45895807,2000,15111,30222000,15673807,31536000.0,0.49701315956367326,1.4553464928970066,0.49701315956367326,B種,調整係数=upper_bound_100pct
東京,15,2000,8000,544000000,0.9,1.0,32096000,10000000,2402880,1219517,45718397,2000,15111,30222000,15496397,31536000.0,0.4913875253678336,1.449720858701167,0.4913875253678336,B種,調整係数=upper_bound_100pct
東京,16,2000,8000,544000000,0.9,1.0,32096000,10000000,2402880,1064639,45563519,2000,15111,30222000,15341519,31536000.0,0.4864763762049721,1.4448097095383055,0.4864763762049721,B種,調整係数=upper_bound_100pct
東京,17,2000,8000,544000000,0.9,1.0,30463999,10000000,2402880,929429,43796308,2000,15111,30222000,13574308,31536000.0,0.4304384830035515,1.3887718163368847,0.4304384830035515,B種,調整係数=upper_bound_100pct
東京,18,2000,8000,544000000,0.9,1.0,0,10000000,2402880,811392,13214272,2000,15111,30222000,-17007728,31536000.0,-0.5393115169964485,0.41902181633688484,0.33,A種,調整係数=upper_bound_100pct
東京,19,2000,8000,544000000,0.9,1.0,0,10000000,2402880,708345,13111225,2000,15111,30222000,-17110775,31536000.0,-0.5425791159309995,0.4157542174023338,0.33,A種,調整係数=upper_bound_100pct
東京,20,2000,8000,544000000,0.9,1.0,0,10000000,2402880,618385,13021265,2000,15111,30222000,-17200735,31536000.0,-0.545431728817859,0.41290160451547436,0.33,A種,調整係数=upper_bound_100pct
