区分,商品,期間,時間帯,管区,加重平均,落札量の和_MWコマ,対象コマ数
速報,1-1,P1,0〜4時,北海道,4.792520778032699,3817.0119999999747,878
速報,1-1,P1,0〜4時,東北,14.564988755492333,15223.877000000013,1213
速報,1-1,P1,0〜4時,東京,11.580300685809389,75525.64600000026,1224
速報,1-1,P1,0〜4時,中部,11.18817636337246,36775.22100000011,1064
速報,1-1,P1,0〜4時,北陸,7.684552928395217,997.7819999999954,402
速報,1-1,P1,0〜4時,関西,10.023332285898654,14053.38300000004,1154
速報,1-1,P1,0〜4時,中国,9.46101776007057,8515.563000000011,876
速報,1-1,P1,0〜4時,四国,4.051714594194923,714.0990000000011,301
速報,1-1,P1,0〜4時,九州,7.428951033611336,30657.703000000085,1018
速報,1-1,P1,0〜4時,全国,10.660309695573476,186280.28600000008,1224
速報,1-1,P1,4〜8時,北海道,5.644930940106819,3420.6539999999754,883
速報,1-1,P1,4〜8時,東北,14.66302746788866,16999.632000000005,1206
速報,1-1,P1,4〜8時,東京,11.474613966316134,90847.70700000036,1222
速報,1-1,P1,4〜8時,中部,11.682880756023618,49812.40300000066,1091
速報,1-1,P1,4〜8時,北陸,8.661796600326946,1077.9859999999962,432
速報,1-1,P1,4〜8時,関西,11.333898282359126,18966.13000000001,1197
速報,1-1,P1,4〜8時,中国,9.871412170932215,13696.798,964
速報,1-1,P1,4〜8時,四国,4.960450941223102,751.8940000000016,321
速報,1-1,P1,4〜8時,九州,7.582346731872757,31411.782000000072,1016
速報,1-1,P1,4〜8時,全国,10.989241140248797,226984.98600000003,1224
速報,1-1,P1,8〜12時,北海道,6.268648686223675,3006.5999999999863,835
速報,1-1,P1,8〜12時,東北,14.505574144183734,12726.358999999991,1146
速報,1-1,P1,8〜12時,東京,11.481694942462614,93260.09200000015,1223
速報,1-1,P1,8〜12時,中部,11.967196014893378,67661.62900000052,1174
速報,1-1,P1,8〜12時,北陸,10.684979223656782,1346.7240000000022,530
速報,1-1,P1,8〜12時,関西,12.599056342390549,26930.04299999993,1214
速報,1-1,P1,8〜12時,中国,10.629693212167878,15434.86899999998,993
速報,1-1,P1,8〜12時,四国,7.333033851565847,695.8910000000016,299
速報,1-1,P1,8〜12時,九州,8.25892275658132,35491.90400000001,1051
速報,1-1,P1,8〜12時,全国,11.303303347066594,256554.1110000003,1224
速報,1-1,P1,12〜16時,北海道,6.385286474059769,2606.413999999997,768
速報,1-1,P1,12〜16時,東北,14.497234766312797,13721.201999999972,1146
速報,1-1,P1,12〜16時,東京,11.825650725327458,81604.03900000009,1223
速報,1-1,P1,12〜16時,中部,11.974757447996387,62799.976000000446,1165
速報,1-1,P1,12〜16時,北陸,10.230776460726997,1281.3140000000005,511
速報,1-1,P1,12〜16時,関西,12.59579609969414,25816.282999999963,1193
速報,1-1,P1,12〜16時,中国,10.423387428870779,15555.133999999987,976
速報,1-1,P1,12〜16時,四国,8.277653647844136,674.7410000000018,295
速報,1-1,P1,12〜16時,九州,8.431408127850668,34226.047000000086,1033
速報,1-1,P1,12〜16時,全国,11.444864206686814,238285.14999999997,1224
速報,1-1,P1,16〜20時,北海道,5.398261011172679,3598.4359999999683,948
速報,1-1,P1,16〜20時,東北,14.451549036007883,15162.57199999997,1213
速報,1-1,P1,16〜20時,東京,11.871093524655542,92703.22300000023,1224
速報,1-1,P1,16〜20時,中部,11.897074632882,55192.68300000028,1132
速報,1-1,P1,16〜20時,北陸,9.397845915317054,1111.2979999999982,450
速報,1-1,P1,16〜20時,関西,11.60365594007718,23236.836000000054,1197
速報,1-1,P1,16〜20時,中国,9.837092524792244,13536.479999999989,924
速報,1-1,P1,16〜20時,四国,6.498634220555927,644.1450000000011,244
速報,1-1,P1,16〜20時,九州,7.34677754096434,32766.53600000005,1075
速報,1-1,P1,16〜20時,全国,11.152725189661936,237952.20899999994,1224
速報,1-1,P1,20〜24時,北海道,4.8751042784568215,3164.4119999999716,880
速報,1-1,P1,20〜24時,東北,14.324404903239126,13919.206999999979,1213
速報,1-1,P1,20〜24時,東京,11.8023741226056,89133.37900000029,1224
速報,1-1,P1,20〜24時,中部,11.475209523198197,48615.810000000514,1115
速報,1-1,P1,20〜24時,北陸,9.013273667748651,1083.203999999997,430
速報,1-1,P1,20〜24時,関西,10.788336295253462,19701.746999999934,1166
速報,1-1,P1,20〜24時,中国,9.506546052507675,12479.352999999996,857
速報,1-1,P1,20〜24時,四国,4.061819824744614,490.2560000000012,229
速報,1-1,P1,20〜24時,九州,5.845994257327388,28572.759000000075,1009
速報,1-1,P1,20〜24時,全国,10.750932736422655,217160.127,1224
速報,1-1,P2,0〜4時,北海道,1.3205352967664845,923.8239999999997,227
速報,1-1,P2,0〜4時,東北,9.576815493478101,6035.830000000011,232
速報,1-1,P2,0〜4時,東京,8.497202489619013,16801.606999999985,232
速報,1-1,P2,0〜4時,中部,3.342561493963067,7718.155999999997,218
速報,1-1,P2,0〜4時,北陸,2.1892831757881295,643.5189999999992,194
速報,1-1,P2,0〜4時,関西,2.7715690839743705,4199.686000000004,221
速報,1-1,P2,0〜4時,中国,2.9772151089124175,2887.7790000000036,193
速報,1-1,P2,0〜4時,四国,2.4842813979018823,301.5090000000005,102
速報,1-1,P2,0〜4時,九州,2.7678297971213577,8736.75,220
速報,1-1,P2,0〜4時,全国,5.682571962827567,48248.65999999999,232
速報,1-1,P2,4〜8時,北海道,2.3072175452173447,764.9719999999993,212
速報,1-1,P2,4〜8時,東北,9.541228089438135,7541.168999999999,232
速報,1-1,P2,4〜8時,東京,8.496199621348241,20331.082000000006,232
速報,1-1,P2,4〜8時,中部,3.3855565741811704,9766.972999999998,219
速報,1-1,P2,4〜8時,北陸,2.4550808713517736,698.454999999999,203
速報,1-1,P2,4〜8時,関西,2.829829026584926,5018.558000000004,227
速報,1-1,P2,4〜8時,中国,3.11087125977545,4332.026000000001,199
速報,1-1,P2,4〜8時,四国,2.7333613361374525,260.0930000000005,89
速報,1-1,P2,4〜8時,九州,2.7717398242044236,9637.329999999994,224
速報,1-1,P2,4〜8時,全国,5.763845186287363,58350.65800000001,232
速報,1-1,P2,8〜12時,北海道,0.9903337569460026,802.6200000000001,212
速報,1-1,P2,8〜12時,東北,9.50758150846319,7397.330000000008,230
速報,1-1,P2,8〜12時,東京,8.594156006318292,23346.798000000017,232
速報,1-1,P2,8〜12時,中部,4.336610769145795,15407.182999999995,224
速報,1-1,P2,8〜12時,北陸,4.738304217132415,522.9619999999999,164
速報,1-1,P2,8〜12時,関西,3.926940685810477,5811.138999999997,225
速報,1-1,P2,8〜12時,中国,3.547353825216788,4617.5030000000015,164
速報,1-1,P2,8〜12時,四国,2.7858635351762615,254.70300000000034,87
速報,1-1,P2,8〜12時,九州,3.1258593831804955,12434.30199999999,219
速報,1-1,P2,8〜12時,全国,5.94668173161834,70594.54,232
速報,1-1,P2,12〜16時,北海道,1.289790320699707,600.250000000001,191
速報,1-1,P2,12〜16時,東北,9.430057818170754,7332.2970000000005,231
速報,1-1,P2,12〜16時,東京,8.568125656223845,21549.43000000002,232
速報,1-1,P2,12〜16時,中部,4.132280843223064,14949.685999999992,227
速報,1-1,P2,12〜16時,北陸,4.641530923941471,481.89199999999994,153
速報,1-1,P2,12〜16時,関西,3.8330839657960154,5774.649000000001,221
速報,1-1,P2,12〜16時,中国,3.6901049265314603,4458.167000000003,166
速報,1-1,P2,12〜16時,四国,2.660167985971749,260.61700000000036,88
速報,1-1,P2,12〜16時,九州,3.3326215254978857,11940.127999999992,226
速報,1-1,P2,12〜16時,全国,5.904666064245425,67347.11600000001,232
速報,1-1,P2,16〜20時,北海道,1.414391260195889,610.5400000000008,193
速報,1-1,P2,16〜20時,東北,9.519073587966027,7565.380999999993,232
速報,1-1,P2,16〜20時,東京,8.632952199351095,21893.07100000002,232
速報,1-1,P2,16〜20時,中部,3.4801166035620046,13534.920999999991,225
速報,1-1,P2,16〜20時,北陸,3.5109054076910065,520.2959999999999,164
速報,1-1,P2,16〜20時,関西,3.287997071703798,5398.3610000000035,218
速報,1-1,P2,16〜20時,中国,3.729847320004761,5123.330000000001,206
速報,1-1,P2,16〜20時,四国,3.4284611021423217,229.19000000000037,77
速報,1-1,P2,16〜20時,九州,3.281179820088318,11507.424,227
速報,1-1,P2,16〜20時,全国,5.817999045802932,66382.514,232
速報,1-1,P2,20〜24時,北海道,1.0881900169593854,834.9359999999999,218
速報,1-1,P2,20〜24時,東北,9.494745972328264,7037.067999999994,231
速報,1-1,P2,20〜24時,東京,8.638901325719567,21358.514000000014,232
速報,1-1,P2,20〜24時,中部,2.9240483882697195,10340.687999999995,216
速報,1-1,P2,20〜24時,北陸,2.4732987177680705,709.6999999999996,200
速報,1-1,P2,20〜24時,関西,2.6418856102797887,4916.753000000004,217
速報,1-1,P2,20〜24時,中国,2.722585691076597,4213.244999999997,210
速報,1-1,P2,20〜24時,四国,2.3773217856722697,204.02400000000023,69
速報,1-1,P2,20〜24時,九州,2.773463958732969,8940.986999999994,214
速報,1-1,P2,20〜24時,全国,5.703054217494509,58555.91500000003,232
