区分,商品,商品名,期間,期間の範囲,管区,加重平均,最高,最高日,≧10コマ数,≧10日数,応札/募集,落札/応札,参考_TSO別加重平均,対象コマ数,除外コマ数,最初の受渡日,最後の受渡日,最高の出た日数,最高の出たコマ数,上限,上限超コマ数,上限超日数,TSO別_除外コマ数,応札/募集_除外コマ数,落札/応札_除外コマ数,欠けている日,Σ募集量,Σ応札量,Σ落札量,Σ落札量TSO別,元ファイル一覧
速報,1-0,一次調整力（1次オンライン）,P1,2026-04-01〜2026-08-31,北海道,3.3056834879100805,15.0,2026-04-03,3193,147,2.446752625307124,0.6569199676783359,3.3056834879100805,7344,0,2026-04-01,2026-08-31,7,60,15.0,0,0,0,0,0,,491752.0,1203195.4970000288,790403.1469999783,790403.1469999783,202604_1-0_prompt.csv;202605_1-0_prompt.csv;202606_1-0_prompt.csv;202607_1-0_prompt.csv;202608_1-0_prompt.csv
速報,1-0,一次調整力（1次オンライン）,P1,2026-04-01〜2026-08-31,東北,8.542537093800572,15.0,2026-04-01,7163,153,0.4555173847708297,0.957565540781273,8.302320148341774,7344,0,2026-04-01,2026-08-31,153,6813,15.0,0,0,0,0,0,,1206487.0,549575.803000004,526254.8510000012,629733.2130000105,202604_1-0_prompt.csv;202605_1-0_prompt.csv;202606_1-0_prompt.csv;202607_1-0_prompt.csv;202608_1-0_prompt.csv
速報,1-0,一次調整力（1次オンライン）,P1,2026-04-01〜2026-08-31,東京,4.241657326964858,15.0,2026-04-01,7171,153,0.7075067206093519,0.9722353087441084,4.132728568936232,7344,0,2026-04-01,2026-08-31,127,4716,15.0,0,0,0,0,0,,4071729.0,2880775.631999996,2800791.78600002,2697313.423999998,202604_1-0_prompt.csv;202605_1-0_prompt.csv;202606_1-0_prompt.csv;202607_1-0_prompt.csv;202608_1-0_prompt.csv
速報,1-0,一次調整力（1次オンライン）,P1,2026-04-01〜2026-08-31,中部,4.954249324675235,15.0,2026-04-01,5856,153,1.804039301477918,0.8411242062700071,5.85610514574316,7344,2,2026-04-01,2026-08-31,102,3145,15.0,0,0,0,0,0,,832386.0,1501657.057999998,1263080.1010000024,723869.4759999986,202604_1-0_prompt.csv;202605_1-0_prompt.csv;202606_1-0_prompt.csv;202607_1-0_prompt.csv;202608_1-0_prompt.csv
速報,1-0,一次調整力（1次オンライン）,P1,2026-04-01〜2026-08-31,北陸,2.456150679620633,15.0,2026-04-01,1379,90,0.3055680102039477,0.9759582231497719,3.66345918610796,7344,1928,2026-04-01,2026-08-31,3,49,15.0,0,0,337,0,0,,441397.0,134876.8029999919,131634.12499999392,312287.7249999995,202604_1-0_prompt.csv;202605_1-0_prompt.csv;202606_1-0_prompt.csv;202607_1-0_prompt.csv;202608_1-0_prompt.csv
速報,1-0,一次調整力（1次オンライン）,P1,2026-04-01〜2026-08-31,関西,4.524777499301802,15.0,2026-04-01,5536,153,0.4927386188866685,0.9131633222434085,3.9194493758493385,7344,7,2026-04-01,2026-08-31,95,1854,15.0,0,0,0,0,0,,1397293.0,688500.2230000097,628713.1510000164,1122861.6819999982,202604_1-0_prompt.csv;202605_1-0_prompt.csv;202606_1-0_prompt.csv;202607_1-0_prompt.csv;202608_1-0_prompt.csv
速報,1-0,一次調整力（1次オンライン）,P1,2026-04-01〜2026-08-31,中国,3.6237498988565555,23.61,2026-05-26,4029,152,1.2760713837431106,0.8528115909852956,3.5480897229546127,7344,1,2026-04-01,2026-08-31,1,1,15.0,171,24,0,0,0,,979929.0,1250459.3550000025,1066406.2319999987,992524.3589999961,202604_1-0_prompt.csv;202605_1-0_prompt.csv;202606_1-0_prompt.csv;202607_1-0_prompt.csv;202608_1-0_prompt.csv
速報,1-0,一次調整力（1次オンライン）,P1,2026-04-01〜2026-08-31,四国,1.371339574549041,15.0,2026-04-01,745,55,3.179888730707136,0.4896039493319538,1.5665653583333656,7344,0,2026-04-01,2026-08-31,15,58,15.0,0,0,0,0,0,,318902.0,1014072.8759999671,496494.0849999965,349928.2389999994,202604_1-0_prompt.csv;202605_1-0_prompt.csv;202606_1-0_prompt.csv;202607_1-0_prompt.csv;202608_1-0_prompt.csv
速報,1-0,一次調整力（1次オンライン）,P1,2026-04-01〜2026-08-31,九州,4.933245795187739,19.02,2026-07-23,2652,144,1.1177705810456706,0.8287666112606682,4.691094165240347,7344,0,2026-04-01,2026-08-31,1,1,15.0,27,5,0,0,0,,1252621.0,1400142.903000009,1160391.6889999919,1245247.902000001,202604_1-0_prompt.csv;202605_1-0_prompt.csv;202606_1-0_prompt.csv;202607_1-0_prompt.csv;202608_1-0_prompt.csv
速報,1-0,一次調整力（1次オンライン）,P1,2026-04-01〜2026-08-31,全国,4.364013168406394,23.61,2026-05-26,7312,153,0.9664098263033252,0.8344116946667042,4.364013168406394,7344,0,2026-04-01,2026-08-31,1,1,15.0,198,29,0,0,0,,10992496.0,10623256.149999997,8864169.166999985,8864169.166999985,202604_1-0_prompt.csv;202605_1-0_prompt.csv;202606_1-0_prompt.csv;202607_1-0_prompt.csv;202608_1-0_prompt.csv
速報,1-0,一次調整力（1次オンライン）,P2,2026-09-01〜2026-09-29,北海道,1.366049256312235,10.0,2026-09-24,4,1,2.647211319123485,0.6650313778376677,1.366049256312235,1392,0,2026-09-01,2026-09-29,1,4,10.0,0,0,0,0,0,,90219.0,238828.7580000017,158828.61800000005,158828.61800000005,202609_1-0_prompt.csv
速報,1-0,一次調整力（1次オンライン）,P2,2026-09-01〜2026-09-29,東北,8.179883247726279,15.0,2026-09-01,1315,29,0.596459512182294,0.9816380410005324,7.944552917147946,1392,0,2026-09-01,2026-09-29,1,21,10.0,21,1,0,0,0,,228118.0,136063.15100000054,133564.76500000016,156631.6840000006,202609_1-0_prompt.csv
速報,1-0,一次調整力（1次オンライン）,P2,2026-09-01〜2026-09-29,東京,4.025536110116127,10.0,2026-09-01,282,24,0.9346014021792252,0.9517942738953968,3.9268154880034185,1392,0,2026-09-01,2026-09-29,24,282,10.0,0,0,0,0,0,,697771.0,652137.7550000001,620700.9809999993,597634.0619999999,202609_1-0_prompt.csv
速報,1-0,一次調整力（1次オンライン）,P2,2026-09-01〜2026-09-29,中部,2.506998066640725,9.96,2026-09-18,0,0,3.056190923741957,0.552587256012877,2.4210766745967294,1392,0,2026-09-01,2026-09-29,1,1,10.0,0,0,0,0,0,,132786.0,405819.3679999995,224250.61099999963,135378.07099999997,202609_1-0_prompt.csv
速報,1-0,一次調整力（1次オンライン）,P2,2026-09-01〜2026-09-29,北陸,1.3618848596167654,14.59,2026-09-02,13,3,0.4160948336785659,0.9289970456737671,2.045554986611603,1392,147,2026-09-01,2026-09-29,1,1,10.0,5,1,0,0,0,,82070.0,34148.902999999904,31724.229999999952,79416.14100000002,202609_1-0_prompt.csv
速報,1-0,一次調整力（1次オンライン）,P2,2026-09-01〜2026-09-29,関西,2.426205275432979,12.5,2026-09-01,23,6,0.7884898933224873,0.7721089279639662,2.3129306425889826,1392,4,2026-09-01,2026-09-29,1,2,10.0,2,1,0,0,0,,204073.0,160909.49799999996,124239.65999999995,214639.88900000122,202609_1-0_prompt.csv
速報,1-0,一次調整力（1次オンライン）,P2,2026-09-01〜2026-09-29,中国,2.7113888658055707,10.0,2026-09-01,5,3,1.2232620223537929,0.8547822292479609,2.488485423497666,1392,0,2026-09-01,2026-09-29,3,5,10.0,0,0,0,0,0,,201666.0,246690.359,210866.53499999977,211310.70599999966,202609_1-0_prompt.csv
速報,1-0,一次調整力（1次オンライン）,P2,2026-09-01〜2026-09-29,四国,0.9120343774171045,9.8,2026-09-23,0,0,3.512805423406285,0.6365821125506437,1.0162679725709487,1392,0,2026-09-01,2026-09-29,1,1,10.0,0,0,0,0,0,,60958.0,214133.5930000003,136313.61499999993,68778.90499999998,202609_1-0_prompt.csv
速報,1-0,一次調整力（1次オンライン）,P2,2026-09-01〜2026-09-29,九州,4.401786841416374,16.98,2026-09-02,103,13,1.2385765379599254,0.7581926576611132,4.158464480034541,1392,0,2026-09-01,2026-09-29,1,1,10.0,56,6,0,0,0,,235393.0,291552.24700000073,221052.77299999987,238923.71199999965,202609_1-0_prompt.csv
速報,1-0,一次調整力（1次オンライン）,P2,2026-09-01〜2026-09-29,全国,3.4294469232457465,16.98,2026-09-02,1337,29,1.231359099125009,0.7820672137445531,3.4294469232457465,1392,0,2026-09-01,2026-09-29,1,1,10.0,77,6,0,0,0,,1933054.0,2380283.631999995,1861541.7880000013,1861541.7880000013,202609_1-0_prompt.csv
速報,1-1,一次オフライン,P1,2026-04-01〜2026-08-31,北海道,5.503579945433417,15.0,2026-06-03,1986,124,0.38046409582986684,0.4127825504994201,5.503579945433417,7344,2152,2026-04-01,2026-08-31,4,55,15.0,0,0,2152,0,0,,124888.0,47515.40000000041,19613.528000000315,19613.528000000315,202604_1-1_prompt.csv;202605_1-1_prompt.csv;202606_1-1_prompt.csv;202607_1-1_prompt.csv;202608_1-1_prompt.csv
速報,1-1,一次オフライン,P1,2026-04-01〜2026-08-31,東北,14.507008299867426,15.0,2026-04-01,6917,153,0.27500687319850664,0.846138715170373,13.564012351862495,7344,207,2026-04-01,2026-08-31,153,6802,15.0,0,0,70,0,0,,377117.0,103709.76700000123,87752.84899999978,125764.03000000078,202604_1-1_prompt.csv;202605_1-1_prompt.csv;202606_1-1_prompt.csv;202607_1-1_prompt.csv;202608_1-1_prompt.csv
速報,1-1,一次オフライン,P1,2026-04-01〜2026-08-31,東京,11.672019560533103,15.0,2026-04-01,7169,153,0.8583310543694957,0.927322184789462,11.694425642401985,7344,4,2026-04-01,2026-08-31,119,4681,15.0,0,0,97,0,0,,657170.0,564069.4190000015,523074.0860000039,485062.90500000154,202604_1-1_prompt.csv;202605_1-1_prompt.csv;202606_1-1_prompt.csv;202607_1-1_prompt.csv;202608_1-1_prompt.csv
速報,1-1,一次オフライン,P1,2026-04-01〜2026-08-31,中部,11.74864214354126,15.0,2026-04-01,5812,153,0.8283400106057192,0.6986610540308388,11.795914298224119,7344,603,2026-04-01,2026-08-31,101,3143,15.0,0,0,1887,0,0,,554418.0,459246.6120000016,320857.72200001276,240624.51300000775,202604_1-1_prompt.csv;202605_1-1_prompt.csv;202606_1-1_prompt.csv;202607_1-1_prompt.csv;202608_1-1_prompt.csv
速報,1-1,一次オフライン,P1,2026-04-01〜2026-08-31,北陸,9.380616317798436,15.0,2026-06-12,1305,79,0.04919466055884483,0.7366407860795864,10.973434526807454,7344,4589,2026-04-01,2026-08-31,1,42,15.0,0,0,3225,0,0,,190357.0,9364.548000000026,6898.308000000038,46064.432999999306,202604_1-1_prompt.csv;202605_1-1_prompt.csv;202606_1-1_prompt.csv;202607_1-1_prompt.csv;202608_1-1_prompt.csv
速報,1-1,一次オフライン,P1,2026-04-01〜2026-08-31,関西,11.673825813692392,15.0,2026-04-01,5530,153,0.2549892791947144,0.750939066049075,11.340341970719411,7344,223,2026-04-01,2026-08-31,89,1833,15.0,0,0,231,0,0,,672151.0,171391.2990000065,128704.42200000264,180134.54500000336,202604_1-1_prompt.csv;202605_1-1_prompt.csv;202606_1-1_prompt.csv;202607_1-1_prompt.csv;202608_1-1_prompt.csv
速報,1-1,一次オフライン,P1,2026-04-01〜2026-08-31,中国,10.020082783630711,15.0,2026-04-01,3617,151,0.30878280947414966,0.4718132936677371,9.886708430498631,7344,1754,2026-04-01,2026-08-31,58,245,15.0,0,0,3343,0,0,,543753.0,167901.5789999973,79218.19700000249,78030.11600000055,202604_1-1_prompt.csv;202605_1-1_prompt.csv;202606_1-1_prompt.csv;202607_1-1_prompt.csv;202608_1-1_prompt.csv
速報,1-1,一次オフライン,P1,2026-04-01〜2026-08-31,四国,5.915024852519095,15.0,2026-04-03,643,45,0.27936575688991827,0.1892482172133891,6.675059024501878,7344,5655,2026-04-01,2026-08-31,7,29,15.0,0,0,6118,0,0,,75110.0,20983.16200000176,3971.0260000000653,2647.714000000007,202604_1-1_prompt.csv;202605_1-1_prompt.csv;202606_1-1_prompt.csv;202607_1-1_prompt.csv;202608_1-1_prompt.csv
速報,1-1,一次オフライン,P1,2026-04-01〜2026-08-31,九州,7.535947456543474,15.0,2026-04-01,2435,128,0.8036015666884467,0.5216357850290767,7.738250367176997,7344,1142,2026-04-01,2026-08-31,83,1520,15.0,0,0,1353,0,0,,460717.0,370232.9030000011,193126.7309999996,185275.08499999988,202604_1-1_prompt.csv;202605_1-1_prompt.csv;202606_1-1_prompt.csv;202607_1-1_prompt.csv;202608_1-1_prompt.csv
速報,1-1,一次オフライン,P1,2026-04-01〜2026-08-31,全国,11.073614380838492,15.0,2026-04-01,7293,153,0.5236820961675804,0.7120802388494424,11.073614380838492,7344,0,2026-04-01,2026-08-31,153,6867,15.0,0,0,0,0,0,,3655681.0,1914414.6889999968,1363216.8689999986,1363216.8689999986,202604_1-1_prompt.csv;202605_1-1_prompt.csv;202606_1-1_prompt.csv;202607_1-1_prompt.csv;202608_1-1_prompt.csv
速報,1-1,一次オフライン,P2,2026-09-01〜2026-09-29,北海道,1.394284948542524,9.95,2026-09-08,0,0,0.2509850019228281,0.7724370007705414,1.394284948542524,1392,139,2026-09-01,2026-09-29,1,6,10.0,0,0,139,0,0,,23403.0,5873.801999999945,4537.141999999965,4537.141999999965,202609_1-1_prompt.csv
速報,1-1,一次オフライン,P2,2026-09-01〜2026-09-29,東北,9.50990758551668,15.0,2026-09-01,1260,29,0.622311995450379,0.9564050440164243,9.305359064366948,1392,4,2026-09-01,2026-09-29,1,21,10.0,21,1,2,0,0,,72094.0,44864.96099999962,42909.07499999979,52838.65999999983,202609_1-1_prompt.csv
速報,1-1,一次オフライン,P2,2026-09-01〜2026-09-29,東京,8.575187276069519,10.0,2026-09-01,83,11,1.161578053843302,0.8512459216307451,8.588371223438134,1392,0,2026-09-01,2026-09-29,11,83,10.0,0,0,3,0,0,,126701.0,147173.1010000002,125280.5019999999,115350.91700000012,202609_1-1_prompt.csv
速報,1-1,一次オフライン,P2,2026-09-01〜2026-09-29,中部,3.6922046614020365,9.48,2026-09-01,0,0,1.4898045692969033,0.4557834471862912,3.665199508403257,1392,63,2026-09-01,2026-09-29,1,3,10.0,0,0,301,0,0,,105618.0,157350.17900000032,71717.60700000012,40809.05799999998,202609_1-1_prompt.csv
速報,1-1,一次オフライン,P2,2026-09-01〜2026-09-29,北陸,3.1928573058109806,9.9,2026-09-01,0,0,0.1500679138761257,0.6596198027719092,3.584941991147107,1392,314,2026-09-01,2026-09-29,1,2,10.0,0,0,251,0,0,,36134.0,5422.553999999926,3576.823999999979,17503.879999999976,202609_1-1_prompt.csv
速報,1-1,一次オフライン,P2,2026-09-01〜2026-09-29,関西,3.2627948016311206,12.5,2026-09-01,17,3,0.3942490386216377,0.6258490850215448,3.409214801308559,1392,63,2026-09-01,2026-09-29,1,2,10.0,2,1,47,0,0,,126121.0,49723.08299999957,31119.14600000006,52413.4469999996,202609_1-1_prompt.csv
速報,1-1,一次オフライン,P2,2026-09-01〜2026-09-29,中国,3.3350861366921585,10.0,2026-09-10,3,1,0.5074521520541909,0.48463209515166716,3.424319281461782,1392,254,2026-09-01,2026-09-29,1,3,10.0,0,0,401,0,0,,104226.0,52889.70800000011,25632.049999999945,22018.70400000007,202609_1-1_prompt.csv
速報,1-1,一次オフライン,P2,2026-09-01〜2026-09-29,四国,2.7372460824720424,7.0,2026-09-02,0,0,0.3279867938371209,0.33780326856744514,2.8954524482641597,1392,880,2026-09-01,2026-09-29,1,1,10.0,0,0,1220,0,0,,13630.0,4470.459999999958,1510.1360000000066,486.3650000000005,202609_1-1_prompt.csv
速報,1-1,一次オフライン,P2,2026-09-01〜2026-09-29,九州,3.039851389595384,9.8,2026-09-01,0,0,1.3772205344651227,0.5394887209223509,3.01688912163697,1392,62,2026-09-01,2026-09-29,2,4,10.0,0,0,66,0,0,,85057.0,117142.24699999994,63196.92100000006,63521.22999999997,202609_1-1_prompt.csv
速報,1-1,一次オフライン,P2,2026-09-01〜2026-09-29,全国,5.813929212828132,15.0,2026-09-01,1267,29,0.8440455984553761,0.6316858029266872,5.813929212828132,1392,0,2026-09-01,2026-09-29,1,21,10.0,21,1,0,0,0,,692984.0,584910.0950000003,369479.4030000001,369479.4030000001,202609_1-1_prompt.csv
速報,4-0,複合商品,P1,2026-04-01〜2026-08-31,北海道,2.4695933665163787,15.0,2026-04-01,3236,147,1.339831425468694,0.5926491530378386,2.6052261196201942,7344,0,2026-04-01,2026-08-31,13,85,15.0,0,0,0,0,0,,1918113.0,2569948.0750000332,1523077.5499999933,1747229.0979999935,202604_4-0_prompt.csv;202605_4-0_prompt.csv;202606_4-0_prompt.csv;202607_4-0_prompt.csv;202608_4-0_prompt.csv
速報,4-0,複合商品,P1,2026-04-01〜2026-08-31,東北,6.942767902440545,15.0,2026-04-01,7165,153,1.1123119136857413,0.5222524335199843,5.159329122181601,7344,0,2026-04-01,2026-08-31,153,6813,15.0,0,0,0,0,0,,3458896.0,3847371.228999956,2009298.987,3036296.6309999623,202604_4-0_prompt.csv;202605_4-0_prompt.csv;202606_4-0_prompt.csv;202607_4-0_prompt.csv;202608_4-0_prompt.csv
速報,4-0,複合商品,P1,2026-04-01〜2026-08-31,東京,2.4334520706881833,19.52,2026-04-08,7171,153,1.9486550643717093,0.6823265755935795,2.5894491674872846,7344,0,2026-04-01,2026-08-31,1,7,15.0,7,1,0,0,0,,7790068.0,15180155.459999993,10357823.491999973,8342324.197999955,202604_4-0_prompt.csv;202605_4-0_prompt.csv;202606_4-0_prompt.csv;202607_4-0_prompt.csv;202608_4-0_prompt.csv
速報,4-0,複合商品,P1,2026-04-01〜2026-08-31,中部,2.553568585269709,15.0,2026-04-01,5856,153,3.82214928869353,0.5619664681223115,2.997218010389711,7344,2,2026-04-01,2026-08-31,102,3152,15.0,0,0,0,0,0,,2393202.0,9147175.321999934,5140405.808999871,2391140.5260000117,202604_4-0_prompt.csv;202605_4-0_prompt.csv;202606_4-0_prompt.csv;202607_4-0_prompt.csv;202608_4-0_prompt.csv
速報,4-0,複合商品,P1,2026-04-01〜2026-08-31,北陸,2.09584810902519,15.0,2026-04-01,1593,125,0.41332727045129325,0.5976625552528019,2.4831012008831017,7344,1854,2026-04-01,2026-08-31,57,304,15.0,0,0,240,0,0,,1006562.0,416039.5239999946,248651.24499999615,823606.953000009,202604_4-0_prompt.csv;202605_4-0_prompt.csv;202606_4-0_prompt.csv;202607_4-0_prompt.csv;202608_4-0_prompt.csv
速報,4-0,複合商品,P1,2026-04-01〜2026-08-31,関西,2.405887196063011,15.0,2026-04-01,5541,153,0.5771682355497746,0.7202920268016044,2.4797760450398147,7344,7,2026-04-01,2026-08-31,101,1885,15.0,0,0,0,0,0,,3239672.0,1869835.7720000094,1346827.7980000295,2666556.8360000146,202604_4-0_prompt.csv;202605_4-0_prompt.csv;202606_4-0_prompt.csv;202607_4-0_prompt.csv;202608_4-0_prompt.csv
速報,4-0,複合商品,P1,2026-04-01〜2026-08-31,中国,3.146387985603289,23.61,2026-05-26,4029,152,0.7685185587913905,0.7795067130507027,2.5444960007647377,7344,1,2026-04-01,2026-08-31,1,1,15.0,173,24,0,0,0,,2304649.0,1771165.5280000195,1380635.4190000077,2003278.7540000053,202604_4-0_prompt.csv;202605_4-0_prompt.csv;202606_4-0_prompt.csv;202607_4-0_prompt.csv;202608_4-0_prompt.csv
速報,4-0,複合商品,P1,2026-04-01〜2026-08-31,四国,0.8811076468319092,15.0,2026-04-01,745,55,1.7252350781126675,0.5982033584768686,0.9742954159333245,7344,0,2026-04-01,2026-08-31,15,58,15.0,0,0,0,0,0,,1101553.0,1900437.8760002432,1136848.3199999921,1095366.9639999946,202604_4-0_prompt.csv;202605_4-0_prompt.csv;202606_4-0_prompt.csv;202607_4-0_prompt.csv;202608_4-0_prompt.csv
速報,4-0,複合商品,P1,2026-04-01〜2026-08-31,九州,4.000288496815231,19.02,2026-07-23,2664,144,1.1332746397907114,0.656048368494825,3.294746464732133,7344,0,2026-04-01,2026-08-31,1,1,15.0,27,5,0,0,0,,3959226.0,4486890.419000019,2943617.139000024,3981385.7989999987,202604_4-0_prompt.csv;202605_4-0_prompt.csv;202606_4-0_prompt.csv;202607_4-0_prompt.csv;202608_4-0_prompt.csv
速報,4-0,複合商品,P1,2026-04-01〜2026-08-31,全国,2.948844196160189,23.61,2026-05-26,7312,153,1.515865914952492,0.6333529242141598,2.948844196160189,7344,0,2026-04-01,2026-08-31,1,1,15.0,207,30,0,0,0,,27171941.0,41189019.20500013,26087185.759000022,26087185.759000022,202604_4-0_prompt.csv;202605_4-0_prompt.csv;202606_4-0_prompt.csv;202607_4-0_prompt.csv;202608_4-0_prompt.csv
速報,4-0,複合商品,P2,2026-09-01〜2026-09-29,北海道,1.159148035637346,10.0,2026-09-08,7,2,1.8063634753442346,0.4996604510457789,1.458925895282268,1392,0,2026-09-01,2026-09-29,2,7,10.0,0,0,0,0,0,,339880.0,613946.8179999985,306764.94399999996,338885.88700000005,202609_4-0_prompt.csv
速報,4-0,複合商品,P2,2026-09-01〜2026-09-29,東北,7.537574031984383,15.0,2026-09-01,1315,29,1.0678625592273159,0.5863662003503665,5.51553533316496,1392,0,2026-09-01,2026-09-29,1,21,10.0,21,1,0,0,0,,658691.0,703391.4569999999,412444.9759999981,643338.9289999994,202609_4-0_prompt.csv
速報,4-0,複合商品,P2,2026-09-01〜2026-09-29,東京,2.535472921569146,10.0,2026-09-01,283,24,3.1086398197626823,0.564654158850328,2.6504586722629093,1392,0,2026-09-01,2026-09-29,24,283,10.0,0,0,0,0,0,,1188877.0,3695790.3829999985,2086843.4099999957,1519330.1979999912,202609_4-0_prompt.csv
速報,4-0,複合商品,P2,2026-09-01〜2026-09-29,中部,1.8266535263776262,9.96,2026-09-18,0,0,5.108996198361729,0.40255866740399776,1.9461318951887467,1392,0,2026-09-01,2026-09-29,1,1,10.0,0,0,0,0,0,,396145.0,2023903.2990000073,814739.8149999977,394408.83699999994,202609_4-0_prompt.csv
速報,4-0,複合商品,P2,2026-09-01〜2026-09-29,北陸,1.0051216514168215,14.59,2026-09-02,13,3,0.6942849547535852,0.5813657418441242,1.7664160098187727,1392,147,2026-09-01,2026-09-29,1,1,10.0,5,1,0,0,0,,184324.0,127973.37999999983,74399.3389999999,180053.35600000044,202609_4-0_prompt.csv
速報,4-0,複合商品,P2,2026-09-01〜2026-09-29,関西,1.0721151827783872,12.5,2026-09-01,36,11,1.2451676032817491,0.7246705448253177,1.7874436774299363,1392,3,2026-09-01,2026-09-29,1,2,10.0,2,1,0,0,0,,426358.0,530887.169,384718.2940000005,423243.9140000002,202609_4-0_prompt.csv
速報,4-0,複合商品,P2,2026-09-01〜2026-09-29,中国,2.3993391496462033,10.0,2026-09-01,5,3,0.6201717323960588,0.8211891123290909,1.8390789597089756,1392,0,2026-09-01,2026-09-29,3,5,10.0,0,0,0,0,0,,491637.0,304899.37000000116,250380.04299999998,495819.0260000015,202609_4-0_prompt.csv
速報,4-0,複合商品,P2,2026-09-01〜2026-09-29,四国,0.7869787566346574,9.8,2026-09-23,0,0,1.6757180418719055,0.6453070757367104,1.0493537296008553,1392,0,2026-09-01,2026-09-29,1,1,10.0,0,0,0,0,0,,211120.0,353777.5929999967,228295.18399999998,211957.7350000002,202609_4-0_prompt.csv
速報,4-0,複合商品,P2,2026-09-01〜2026-09-29,九州,3.6929526973340803,16.98,2026-09-02,103,13,1.094701891743666,0.5451597335071393,2.6976324929925624,1392,0,2026-09-01,2026-09-29,1,1,10.0,56,6,0,0,0,,813218.0,890231.2830000005,485318.248999999,836866.3719999995,202609_4-0_prompt.csv
速報,4-0,複合商品,P2,2026-09-01〜2026-09-29,全国,2.6376469646701657,16.98,2026-09-02,1337,29,1.9626985302266327,0.5455936141088606,2.6376469646701657,1392,0,2026-09-01,2026-09-29,1,1,10.0,77,6,0,0,0,,4710250.0,9244800.751999997,5043904.25399999,5043904.25399999,202609_4-0_prompt.csv
確報,1-0,一次調整力（1次オンライン）,P1,2026-04-01〜2026-08-31,北海道,3.3022623469157306,15.0,2026-04-03,3190,147,2.4469884962339328,0.656557582583735,3.3022623469157306,7344,0,2026-04-01,2026-08-31,7,60,15.0,0,0,0,0,0,,491752.0,1203311.4870000288,790043.2809999783,790043.2809999783,202604_1-0_result.csv;202605_1-0_result.csv;202606_1-0_result.csv;202607_1-0_result.csv;202608_1-0_result.csv
確報,1-0,一次調整力（1次オンライン）,P1,2026-04-01〜2026-08-31,東北,8.529952236076392,15.0,2026-04-01,7163,153,0.4576300706099646,0.9519338466293009,8.290874719559172,7344,0,2026-04-01,2026-08-31,153,6811,15.0,0,0,0,0,0,,1206487.0,552124.7310000043,525586.2190000021,628819.2760000101,202604_1-0_result.csv;202605_1-0_result.csv;202606_1-0_result.csv;202607_1-0_result.csv;202608_1-0_result.csv
確報,1-0,一次調整力（1次オンライン）,P1,2026-04-01〜2026-08-31,東京,4.23133740520397,15.0,2026-04-01,7169,153,0.7131041889084448,0.962415469395242,4.122245319635739,7344,0,2026-04-01,2026-08-31,127,4716,15.0,0,0,0,0,0,,4071729.0,2903567.005999993,2794437.803000021,2691204.7459999966,202604_1-0_result.csv;202605_1-0_result.csv;202606_1-0_result.csv;202607_1-0_result.csv;202608_1-0_result.csv
確報,1-0,一次調整力（1次オンライン）,P1,2026-04-01〜2026-08-31,中部,4.861676219725531,15.0,2026-04-01,5851,153,1.956176239148659,0.774080224832168,5.756522050749376,7344,2,2026-04-01,2026-08-31,101,3142,15.0,0,0,0,0,0,,832386.0,1628293.7149999957,1260429.9650000026,722157.1129999986,202604_1-0_result.csv;202605_1-0_result.csv;202606_1-0_result.csv;202607_1-0_result.csv;202608_1-0_result.csv
確報,1-0,一次調整力（1次オンライン）,P1,2026-04-01〜2026-08-31,北陸,2.443263763059146,15.0,2026-04-01,1362,90,0.30562179398589456,0.9735834495492084,3.604402106764515,7344,1951,2026-04-01,2026-08-31,3,49,15.0,0,0,337,0,0,,441397.0,134900.5429999919,131336.93599999344,311626.4809999982,202604_1-0_result.csv;202605_1-0_result.csv;202606_1-0_result.csv;202607_1-0_result.csv;202608_1-0_result.csv
確報,1-0,一次調整力（1次オンライン）,P1,2026-04-01〜2026-08-31,関西,4.511104072492371,15.0,2026-04-01,5534,153,0.4927386188866685,0.9095074773853854,3.887236682589811,7344,7,2026-04-01,2026-08-31,95,1854,15.0,0,0,0,0,0,,1397293.0,688500.2230000097,626196.1010000141,1119459.9790000033,202604_1-0_result.csv;202605_1-0_result.csv;202606_1-0_result.csv;202607_1-0_result.csv;202608_1-0_result.csv
確報,1-0,一次調整力（1次オンライン）,P1,2026-04-01〜2026-08-31,中国,3.5961258397640465,23.61,2026-05-26,4021,152,1.2852378345778126,0.8440941288859485,3.5178575625639623,7344,5,2026-04-01,2026-08-31,1,1,15.0,171,24,4,0,0,,979929.0,1259441.8260000013,1063087.4509999994,989369.2409999948,202604_1-0_result.csv;202605_1-0_result.csv;202606_1-0_result.csv;202607_1-0_result.csv;202608_1-0_result.csv
確報,1-0,一次調整力（1次オンライン）,P1,2026-04-01〜2026-08-31,四国,1.3707215032574152,15.0,2026-04-01,745,55,3.179888730707136,0.4875544782838789,1.5667988906372619,7344,0,2026-04-01,2026-08-31,15,58,15.0,0,0,0,0,0,,318902.0,1014072.8759999671,494415.77199999656,348088.85099999944,202604_1-0_result.csv;202605_1-0_result.csv;202606_1-0_result.csv;202607_1-0_result.csv;202608_1-0_result.csv
確報,1-0,一次調整力（1次オンライン）,P1,2026-04-01〜2026-08-31,九州,4.934980444168732,19.02,2026-07-23,2652,144,1.1226427450920988,0.8175366868524157,4.690462422225022,7344,4,2026-04-01,2026-08-31,1,1,15.0,27,5,3,0,0,,1252621.0,1406245.87800001,1149657.5959999945,1234422.1559999986,202604_1-0_result.csv;202605_1-0_result.csv;202606_1-0_result.csv;202607_1-0_result.csv;202608_1-0_result.csv
確報,1-0,一次調整力（1次オンライン）,P1,2026-04-01〜2026-08-31,全国,4.342127489260403,23.61,2026-05-26,7312,153,0.9816203967688486,0.8187966526205825,4.342127489260403,7344,0,2026-04-01,2026-08-31,1,1,15.0,198,29,0,0,0,,10992496.0,10790458.284999982,8835191.124000017,8835191.124000017,202604_1-0_result.csv;202605_1-0_result.csv;202606_1-0_result.csv;202607_1-0_result.csv;202608_1-0_result.csv
確報,1-0,一次調整力（1次オンライン）,P2,2026-09-01〜2026-09-29,北海道,,,,,,,,,0,,,,,,10.0,,,,,,（データ無し）,,,,,
確報,1-0,一次調整力（1次オンライン）,P2,2026-09-01〜2026-09-29,東北,,,,,,,,,0,,,,,,10.0,,,,,,（データ無し）,,,,,
確報,1-0,一次調整力（1次オンライン）,P2,2026-09-01〜2026-09-29,東京,,,,,,,,,0,,,,,,10.0,,,,,,（データ無し）,,,,,
確報,1-0,一次調整力（1次オンライン）,P2,2026-09-01〜2026-09-29,中部,,,,,,,,,0,,,,,,10.0,,,,,,（データ無し）,,,,,
確報,1-0,一次調整力（1次オンライン）,P2,2026-09-01〜2026-09-29,北陸,,,,,,,,,0,,,,,,10.0,,,,,,（データ無し）,,,,,
確報,1-0,一次調整力（1次オンライン）,P2,2026-09-01〜2026-09-29,関西,,,,,,,,,0,,,,,,10.0,,,,,,（データ無し）,,,,,
確報,1-0,一次調整力（1次オンライン）,P2,2026-09-01〜2026-09-29,中国,,,,,,,,,0,,,,,,10.0,,,,,,（データ無し）,,,,,
確報,1-0,一次調整力（1次オンライン）,P2,2026-09-01〜2026-09-29,四国,,,,,,,,,0,,,,,,10.0,,,,,,（データ無し）,,,,,
確報,1-0,一次調整力（1次オンライン）,P2,2026-09-01〜2026-09-29,九州,,,,,,,,,0,,,,,,10.0,,,,,,（データ無し）,,,,,
確報,1-0,一次調整力（1次オンライン）,P2,2026-09-01〜2026-09-29,全国,,,,,,,,,0,,,,,,10.0,,,,,,（データ無し）,,,,,
確報,1-1,一次オフライン,P1,2026-04-01〜2026-08-31,北海道,5.499528518556041,15.0,2026-06-03,1982,124,0.38046409582986684,0.4124131965636435,5.499528518556041,7344,2154,2026-04-01,2026-08-31,4,55,15.0,0,0,2154,0,0,,124888.0,47515.40000000041,19595.978000000316,19595.978000000316,202604_1-1_result.csv;202605_1-1_result.csv;202606_1-1_result.csv;202607_1-1_result.csv;202608_1-1_result.csv
確報,1-1,一次オフライン,P1,2026-04-01〜2026-08-31,東北,14.506627437118112,15.0,2026-04-01,6914,153,0.27503054754890716,0.843013084574567,13.568168697804476,7344,212,2026-04-01,2026-08-31,153,6800,15.0,0,0,72,0,0,,377117.0,103718.69500000121,87436.21699999974,125205.03200000065,202604_1-1_result.csv;202605_1-1_result.csv;202606_1-1_result.csv;202607_1-1_result.csv;202608_1-1_result.csv
確報,1-1,一次オフライン,P1,2026-04-01〜2026-08-31,東京,11.68406008769641,15.0,2026-04-01,7167,153,0.8587395894517424,0.9207652944859123,11.70674450612665,7344,4,2026-04-01,2026-08-31,119,4681,15.0,0,0,97,0,0,,657170.0,564337.8960000016,519622.7490000016,481853.9339999997,202604_1-1_result.csv;202605_1-1_result.csv;202606_1-1_result.csv;202607_1-1_result.csv;202608_1-1_result.csv
確報,1-1,一次オフライン,P1,2026-04-01〜2026-08-31,中部,11.754061117377148,15.0,2026-04-01,5812,153,0.8284028476708939,0.694836765125188,11.802091496706579,7344,605,2026-04-01,2026-08-31,101,3141,15.0,0,0,1889,0,0,,554418.0,459281.45000000164,319125.6370000069,239284.3500000037,202604_1-1_result.csv;202605_1-1_result.csv;202606_1-1_result.csv;202607_1-1_result.csv;202608_1-1_result.csv
確報,1-1,一次オフライン,P1,2026-04-01〜2026-08-31,北陸,9.411128730773271,15.0,2026-06-12,1288,79,0.04919466055884483,0.7113123879550827,10.98854733745525,7344,4617,2026-04-01,2026-08-31,1,42,15.0,0,0,3233,0,0,,190357.0,9364.548000000026,6661.119000000012,45624.938999999344,202604_1-1_result.csv;202605_1-1_result.csv;202606_1-1_result.csv;202607_1-1_result.csv;202608_1-1_result.csv
確報,1-1,一次オフライン,P1,2026-04-01〜2026-08-31,関西,11.702329573447173,15.0,2026-04-01,5528,153,0.2549892791947144,0.7422620152963448,11.360809740589266,7344,243,2026-04-01,2026-08-31,89,1833,15.0,0,0,242,0,0,,672151.0,171391.2990000065,127217.25100000322,178422.0550000029,202604_1-1_result.csv;202605_1-1_result.csv;202606_1-1_result.csv;202607_1-1_result.csv;202608_1-1_result.csv
確報,1-1,一次オフライン,P1,2026-04-01〜2026-08-31,中国,10.030057098464862,15.0,2026-04-01,3617,151,0.30878280947414966,0.4700789025933093,9.898337660059374,7344,1757,2026-04-01,2026-08-31,58,242,15.0,0,0,3343,0,0,,543753.0,167901.5789999973,78926.99000000255,77689.9940000005,202604_1-1_result.csv;202605_1-1_result.csv;202606_1-1_result.csv;202607_1-1_result.csv;202608_1-1_result.csv
確報,1-1,一次オフライン,P1,2026-04-01〜2026-08-31,四国,5.915024852519095,15.0,2026-04-03,643,45,0.27936575688991827,0.1892482172133891,6.673302242218207,7344,5655,2026-04-01,2026-08-31,7,29,15.0,0,0,6118,0,0,,75110.0,20983.16200000176,3971.0260000000653,2646.308000000007,202604_1-1_result.csv;202605_1-1_result.csv;202606_1-1_result.csv;202607_1-1_result.csv;202608_1-1_result.csv
確報,1-1,一次オフライン,P1,2026-04-01〜2026-08-31,九州,7.544599923008525,15.0,2026-04-01,2435,128,0.8036377971726703,0.5186753789696897,7.745974226189998,7344,1142,2026-04-01,2026-08-31,83,1519,15.0,0,0,1354,0,0,,460717.0,370249.59500000114,192039.34899999973,184273.72600000002,202604_1-1_result.csv;202605_1-1_result.csv;202606_1-1_result.csv;202607_1-1_result.csv;202608_1-1_result.csv
確報,1-1,一次オフライン,P1,2026-04-01〜2026-08-31,全国,11.083651480741196,15.0,2026-04-01,7292,153,0.5237720752986919,0.7074557131414692,11.083651480741196,7344,0,2026-04-01,2026-08-31,153,6867,15.0,0,0,0,0,0,,3655681.0,1914743.6239999973,1354596.3159999992,1354596.3159999992,202604_1-1_result.csv;202605_1-1_result.csv;202606_1-1_result.csv;202607_1-1_result.csv;202608_1-1_result.csv
確報,1-1,一次オフライン,P2,2026-09-01〜2026-09-29,北海道,,,,,,,,,0,,,,,,10.0,,,,,,（データ無し）,,,,,
確報,1-1,一次オフライン,P2,2026-09-01〜2026-09-29,東北,,,,,,,,,0,,,,,,10.0,,,,,,（データ無し）,,,,,
確報,1-1,一次オフライン,P2,2026-09-01〜2026-09-29,東京,,,,,,,,,0,,,,,,10.0,,,,,,（データ無し）,,,,,
確報,1-1,一次オフライン,P2,2026-09-01〜2026-09-29,中部,,,,,,,,,0,,,,,,10.0,,,,,,（データ無し）,,,,,
確報,1-1,一次オフライン,P2,2026-09-01〜2026-09-29,北陸,,,,,,,,,0,,,,,,10.0,,,,,,（データ無し）,,,,,
確報,1-1,一次オフライン,P2,2026-09-01〜2026-09-29,関西,,,,,,,,,0,,,,,,10.0,,,,,,（データ無し）,,,,,
確報,1-1,一次オフライン,P2,2026-09-01〜2026-09-29,中国,,,,,,,,,0,,,,,,10.0,,,,,,（データ無し）,,,,,
確報,1-1,一次オフライン,P2,2026-09-01〜2026-09-29,四国,,,,,,,,,0,,,,,,10.0,,,,,,（データ無し）,,,,,
確報,1-1,一次オフライン,P2,2026-09-01〜2026-09-29,九州,,,,,,,,,0,,,,,,10.0,,,,,,（データ無し）,,,,,
確報,1-1,一次オフライン,P2,2026-09-01〜2026-09-29,全国,,,,,,,,,0,,,,,,10.0,,,,,,（データ無し）,,,,,
確報,4-0,複合商品,P1,2026-04-01〜2026-08-31,北海道,2.467632368062798,15.0,2026-04-01,3233,147,1.342268468020411,0.5914333561675561,2.601366705235307,7344,0,2026-04-01,2026-08-31,13,85,15.0,0,0,0,0,0,,1918113.0,2574622.5980000347,1522717.6839999931,1746687.5799999933,202604_4-0_result.csv;202605_4-0_result.csv;202606_4-0_result.csv;202607_4-0_result.csv;202608_4-0_result.csv
確報,4-0,複合商品,P1,2026-04-01〜2026-08-31,東北,6.930590343372655,15.0,2026-04-01,7165,153,1.1166900750990936,0.5195429509643731,5.148027534625956,7344,0,2026-04-01,2026-08-31,153,6811,15.0,0,0,0,0,0,,3458896.0,3862514.8339999546,2006742.355000002,3032544.2709999583,202604_4-0_result.csv;202605_4-0_result.csv;202606_4-0_result.csv;202607_4-0_result.csv;202608_4-0_result.csv
確報,4-0,複合商品,P1,2026-04-01〜2026-08-31,東京,2.423892084917375,19.52,2026-04-08,7169,153,1.9618304000683944,0.6770637099143204,2.578876972457135,7344,0,2026-04-01,2026-08-31,1,7,15.0,7,1,0,0,0,,7790068.0,15282792.220999997,10347423.998999974,8333337.315999941,202604_4-0_result.csv;202605_4-0_result.csv;202606_4-0_result.csv;202607_4-0_result.csv;202608_4-0_result.csv
確報,4-0,複合商品,P1,2026-04-01〜2026-08-31,中部,2.4469422742801177,15.0,2026-04-01,5851,153,4.088429054045582,0.5244092967773345,2.8916812468879716,7344,2,2026-04-01,2026-08-31,101,3149,15.0,0,0,0,0,0,,2393202.0,9784436.588999994,5131049.510999909,2386526.071000016,202604_4-0_result.csv;202605_4-0_result.csv;202606_4-0_result.csv;202607_4-0_result.csv;202608_4-0_result.csv
確報,4-0,複合商品,P1,2026-04-01〜2026-08-31,北陸,2.0879438835106305,15.0,2026-04-01,1576,125,0.41335085568498975,0.5968314280205204,2.392818592600753,7344,1877,2026-04-01,2026-08-31,57,304,15.0,0,0,240,0,0,,1006562.0,416063.26399999467,248319.63199999556,822263.2740000108,202604_4-0_result.csv;202605_4-0_result.csv;202606_4-0_result.csv;202607_4-0_result.csv;202608_4-0_result.csv
確報,4-0,複合商品,P1,2026-04-01〜2026-08-31,関西,2.4010202351991237,15.0,2026-04-01,5539,153,0.5771682355497746,0.7167753500439632,2.4337989573150463,7344,7,2026-04-01,2026-08-31,101,1885,15.0,0,0,0,0,0,,3239672.0,1869835.7720000094,1340252.190000031,2659992.02200002,202604_4-0_result.csv;202605_4-0_result.csv;202606_4-0_result.csv;202607_4-0_result.csv;202608_4-0_result.csv
確報,4-0,複合商品,P1,2026-04-01〜2026-08-31,中国,3.1231430753558547,23.61,2026-05-26,4021,152,0.7742958363724893,0.7718281866546377,2.507052151265044,7344,1,2026-04-01,2026-08-31,1,1,15.0,173,24,0,0,0,,2304649.0,1784480.1250000212,1377312.0590000076,1997523.1260000041,202604_4-0_result.csv;202605_4-0_result.csv;202606_4-0_result.csv;202607_4-0_result.csv;202608_4-0_result.csv
確報,4-0,複合商品,P1,2026-04-01〜2026-08-31,四国,0.8808479060658058,15.0,2026-04-01,745,55,1.72524506401439,0.5940461368137571,0.9632851801758828,7344,0,2026-04-01,2026-08-31,15,58,15.0,0,0,0,0,0,,1101553.0,1900448.8760002432,1128954.3129999912,1087840.190999995,202604_4-0_result.csv;202605_4-0_result.csv;202606_4-0_result.csv;202607_4-0_result.csv;202608_4-0_result.csv
確報,4-0,複合商品,P1,2026-04-01〜2026-08-31,九州,3.9984980210851004,19.02,2026-07-23,2664,144,1.1356288767046927,0.6476945893140997,3.2759880307591,7344,4,2026-04-01,2026-08-31,1,1,15.0,27,5,2,0,0,,3959226.0,4496211.375000014,2912171.780000018,3948229.672000007,202604_4-0_result.csv;202605_4-0_result.csv;202606_4-0_result.csv;202607_4-0_result.csv;202608_4-0_result.csv
確報,4-0,複合商品,P1,2026-04-01〜2026-08-31,全国,2.920624536663926,23.61,2026-05-26,7312,153,1.5446598258843591,0.6198254053595327,2.920624536663926,7344,0,2026-04-01,2026-08-31,1,1,15.0,207,30,0,0,0,,27171941.0,41971405.65400008,26014943.522999983,26014943.522999983,202604_4-0_result.csv;202605_4-0_result.csv;202606_4-0_result.csv;202607_4-0_result.csv;202608_4-0_result.csv
確報,4-0,複合商品,P2,2026-09-01〜2026-09-29,北海道,,,,,,,,,0,,,,,,10.0,,,,,,（データ無し）,,,,,
確報,4-0,複合商品,P2,2026-09-01〜2026-09-29,東北,,,,,,,,,0,,,,,,10.0,,,,,,（データ無し）,,,,,
確報,4-0,複合商品,P2,2026-09-01〜2026-09-29,東京,,,,,,,,,0,,,,,,10.0,,,,,,（データ無し）,,,,,
確報,4-0,複合商品,P2,2026-09-01〜2026-09-29,中部,,,,,,,,,0,,,,,,10.0,,,,,,（データ無し）,,,,,
確報,4-0,複合商品,P2,2026-09-01〜2026-09-29,北陸,,,,,,,,,0,,,,,,10.0,,,,,,（データ無し）,,,,,
確報,4-0,複合商品,P2,2026-09-01〜2026-09-29,関西,,,,,,,,,0,,,,,,10.0,,,,,,（データ無し）,,,,,
確報,4-0,複合商品,P2,2026-09-01〜2026-09-29,中国,,,,,,,,,0,,,,,,10.0,,,,,,（データ無し）,,,,,
確報,4-0,複合商品,P2,2026-09-01〜2026-09-29,四国,,,,,,,,,0,,,,,,10.0,,,,,,（データ無し）,,,,,
確報,4-0,複合商品,P2,2026-09-01〜2026-09-29,九州,,,,,,,,,0,,,,,,10.0,,,,,,（データ無し）,,,,,
確報,4-0,複合商品,P2,2026-09-01〜2026-09-29,全国,,,,,,,,,0,,,,,,10.0,,,,,,（データ無し）,,,,,
