区分,商品,商品名,期間,期間の範囲,電源種別,加重平均,最高,最高日,≧10コマ数,≧10日数,Σ落札量,落札量シェア,対象コマ数,除外コマ数,最初の受渡日,最後の受渡日,最高の出た日数,最高の出たコマ数,上限,上限超コマ数,上限超日数,欠けている日,元ファイル一覧
速報,1-0,一次調整力（1次オンライン）,P1,2026-04-01〜2026-08-31,火力発電,2.715975615189903,23.61,2026-05-26,3015,153,5891408.84599998,0.6646318154591229,7344,0,2026-04-01,2026-08-31,1,1,15.0,173,26,,202604_1-0_rt_prompt.csv;202605_1-0_rt_prompt.csv;202606_1-0_rt_prompt.csv;202607_1-0_rt_prompt.csv;202608_1-0_rt_prompt.csv
速報,1-0,一次調整力（1次オンライン）,P1,2026-04-01〜2026-08-31,水力・揚水発電,3.8476076119339444,17.35,2026-08-26,250,49,793721.3310000001,0.0895426650875425,7344,712,2026-04-01,2026-08-31,1,6,15.0,26,5,,202604_1-0_rt_prompt.csv;202605_1-0_rt_prompt.csv;202606_1-0_rt_prompt.csv;202607_1-0_rt_prompt.csv;202608_1-0_rt_prompt.csv
速報,1-0,一次調整力（1次オンライン）,P1,2026-04-01〜2026-08-31,蓄電池,8.942602147465179,15.0,2026-04-01,7297,153,2137812.1779999984,0.2411745689555162,7344,0,2026-04-01,2026-08-31,153,6861,15.0,0,0,,202604_1-0_rt_prompt.csv;202605_1-0_rt_prompt.csv;202606_1-0_rt_prompt.csv;202607_1-0_rt_prompt.csv;202608_1-0_rt_prompt.csv
速報,1-0,一次調整力（1次オンライン）,P1,2026-04-01〜2026-08-31,VPP,12.404166967846823,15.0,2026-04-01,4273,141,41226.81199999968,0.00465095049781779,7344,1959,2026-04-01,2026-08-31,42,410,15.0,0,0,,202604_1-0_rt_prompt.csv;202605_1-0_rt_prompt.csv;202606_1-0_rt_prompt.csv;202607_1-0_rt_prompt.csv;202608_1-0_rt_prompt.csv
速報,1-0,一次調整力（1次オンライン）,P1,2026-04-01〜2026-08-31,合計,4.364013168406394,23.61,2026-05-26,7312,153,8864169.166999985,1.0,7344,0,2026-04-01,2026-08-31,1,1,15.0,198,29,,202604_1-0_rt_prompt.csv;202605_1-0_rt_prompt.csv;202606_1-0_rt_prompt.csv;202607_1-0_rt_prompt.csv;202608_1-0_rt_prompt.csv
速報,1-0,一次調整力（1次オンライン）,P2,2026-09-01〜2026-09-29,火力発電,2.713481485991936,14.59,2026-09-02,845,29,1250659.1179999993,0.6718404744186158,1392,0,2026-09-01,2026-09-29,1,1,10.0,49,6,,202609_1-0_rt_prompt.csv
速報,1-0,一次調整力（1次オンライン）,P2,2026-09-01〜2026-09-29,水力・揚水発電,3.247266551224581,16.98,2026-09-02,33,6,82190.68599999996,0.04415194250799161,1392,338,2026-09-01,2026-09-29,1,1,10.0,13,2,,202609_1-0_rt_prompt.csv
速報,1-0,一次調整力（1次オンライン）,P2,2026-09-01〜2026-09-29,蓄電池,5.173110192595796,15.0,2026-09-01,1267,29,520174.47799999977,0.27943207149749966,1392,0,2026-09-01,2026-09-29,1,21,10.0,21,1,,202609_1-0_rt_prompt.csv
速報,1-0,一次調整力（1次オンライン）,P2,2026-09-01〜2026-09-29,VPP,3.8155051842640093,10.0,2026-09-10,3,1,8517.506,0.004575511575891625,1392,496,2026-09-01,2026-09-29,1,3,10.0,0,0,,202609_1-0_rt_prompt.csv
速報,1-0,一次調整力（1次オンライン）,P2,2026-09-01〜2026-09-29,合計,3.4294469232457465,16.98,2026-09-02,1337,29,1861541.7880000013,1.0,1392,0,2026-09-01,2026-09-29,1,1,10.0,77,6,,202609_1-0_rt_prompt.csv
速報,4-0,複合商品,P1,2026-04-01〜2026-08-31,火力発電,2.4411567864661303,23.61,2026-05-26,3117,153,20031702.961999983,0.7678751992283832,7344,0,2026-04-01,2026-08-31,1,1,15.0,175,26,,202604_4-0_rt_prompt.csv;202605_4-0_rt_prompt.csv;202606_4-0_rt_prompt.csv;202607_4-0_rt_prompt.csv;202608_4-0_rt_prompt.csv
速報,4-0,複合商品,P1,2026-04-01〜2026-08-31,水力・揚水発電,2.1359767866442474,19.52,2026-04-08,479,63,3850396.078999999,0.14759721936167916,7344,84,2026-04-01,2026-08-31,1,7,15.0,33,6,,202604_4-0_rt_prompt.csv;202605_4-0_rt_prompt.csv;202606_4-0_rt_prompt.csv;202607_4-0_rt_prompt.csv;202608_4-0_rt_prompt.csv
速報,4-0,複合商品,P1,2026-04-01〜2026-08-31,蓄電池,8.912636584014143,15.0,2026-04-01,7297,153,2162964.4719999945,0.0829129095020829,7344,0,2026-04-01,2026-08-31,153,6874,15.0,0,0,,202604_4-0_rt_prompt.csv;202605_4-0_rt_prompt.csv;202606_4-0_rt_prompt.csv;202607_4-0_rt_prompt.csv;202608_4-0_rt_prompt.csv
速報,4-0,複合商品,P1,2026-04-01〜2026-08-31,VPP,12.446122899999999,15.0,2026-04-01,4277,141,42122.24599999968,0.001614671907852981,7344,1954,2026-04-01,2026-08-31,46,519,15.0,0,0,,202604_4-0_rt_prompt.csv;202605_4-0_rt_prompt.csv;202606_4-0_rt_prompt.csv;202607_4-0_rt_prompt.csv;202608_4-0_rt_prompt.csv
速報,4-0,複合商品,P1,2026-04-01〜2026-08-31,合計,2.948844196160189,23.61,2026-05-26,7312,153,26087185.759000022,1.0,7344,0,2026-04-01,2026-08-31,1,1,15.0,207,30,,202604_4-0_rt_prompt.csv;202605_4-0_rt_prompt.csv;202606_4-0_rt_prompt.csv;202607_4-0_rt_prompt.csv;202608_4-0_rt_prompt.csv
速報,4-0,複合商品,P2,2026-09-01〜2026-09-29,火力発電,2.486898900423366,14.59,2026-09-02,845,29,3876725.888000002,0.7685962486154697,1392,0,2026-09-01,2026-09-29,1,1,10.0,49,6,,202609_4-0_rt_prompt.csv
速報,4-0,複合商品,P2,2026-09-01〜2026-09-29,水力・揚水発電,1.4722302141076684,16.98,2026-09-02,37,6,631999.3830000003,0.12529963916321427,1392,13,2026-09-01,2026-09-29,1,1,10.0,16,2,,202609_4-0_rt_prompt.csv
速報,4-0,複合商品,P2,2026-09-01〜2026-09-29,蓄電池,5.126224710071194,15.0,2026-09-01,1267,29,526661.4770000004,0.1044154390088471,1392,0,2026-09-01,2026-09-29,1,21,10.0,21,1,,202609_4-0_rt_prompt.csv
速報,4-0,複合商品,P2,2026-09-01〜2026-09-29,VPP,3.8155051842640093,10.0,2026-09-10,3,1,8517.506,0.0016886732124713356,1392,496,2026-09-01,2026-09-29,1,3,10.0,0,0,,202609_4-0_rt_prompt.csv
速報,4-0,複合商品,P2,2026-09-01〜2026-09-29,合計,2.6376469646701657,16.98,2026-09-02,1337,29,5043904.25399999,1.0,1392,0,2026-09-01,2026-09-29,1,1,10.0,77,6,,202609_4-0_rt_prompt.csv
