区分,商品,月,管区,加重平均,対象コマ数
速報,1-1,202604,中国,12.37827057904876,1127
速報,1-1,202604,中部,14.568592939852655,1316
速報,1-1,202604,九州,11.938168139126207,1220
速報,1-1,202604,全国,12.292446824742557,1440
速報,1-1,202604,北海道,3.85797247197953,896
速報,1-1,202604,四国,3.499502241328116,467
速報,1-1,202604,東京,11.469811866151009,1440
速報,1-1,202604,東北,13.489773957135187,1438
速報,1-1,202604,関西,13.091147127521186,1419
速報,1-1,202605,中国,13.323391549574028,1337
速報,1-1,202605,中部,14.33940127251459,1427
速報,1-1,202605,九州,10.870481429492306,1278
速報,1-1,202605,全国,12.525355056438855,1488
速報,1-1,202605,北海道,8.14655596707435,1166
速報,1-1,202605,四国,12.889420500951738,589
速報,1-1,202605,東京,11.59098304145935,1488
速報,1-1,202605,東北,14.855185482327117,1486
速報,1-1,202605,関西,13.553349486718673,1474
速報,1-1,202606,中国,11.168441879536223,825
速報,1-1,202606,中部,13.15308894996156,1252
速報,1-1,202606,九州,6.889344636348632,1090
速報,1-1,202606,全国,11.711794766805236,1440
速報,1-1,202606,北海道,5.329389839079369,1053
速報,1-1,202606,北陸,12.959480425199937,462
速報,1-1,202606,四国,3.7834726030827013,229
速報,1-1,202606,東京,12.089362476571969,1440
速報,1-1,202606,東北,14.656173176511048,1424
速報,1-1,202606,関西,12.649812803812386,1359
速報,1-1,202607,中国,7.410864485631366,1177
速報,1-1,202607,中部,10.248899029641375,1346
速報,1-1,202607,九州,5.667659684386492,1285
速報,1-1,202607,全国,10.252930907656221,1488
速報,1-1,202607,北海道,5.1854272601690194,883
速報,1-1,202607,北陸,9.463380081050026,1041
速報,1-1,202607,四国,2.2817999310172095,226
速報,1-1,202607,東京,11.75752350528264,1484
速報,1-1,202607,東北,14.493340344611473,1358
速報,1-1,202607,関西,9.657146860876644,1417
速報,1-1,202608,中国,6.757883626693681,1124
速報,1-1,202608,中部,9.075516815924706,1400
速報,1-1,202608,九州,4.967424097960601,1329
速報,1-1,202608,全国,9.629946544230505,1488
速報,1-1,202608,北海道,3.9655679898460923,1194
速報,1-1,202608,北陸,8.551668386749345,1252
速報,1-1,202608,四国,3.373849672147034,178
速報,1-1,202608,東京,11.422458055811433,1488
速報,1-1,202608,東北,14.51791483427712,1431
速報,1-1,202608,関西,9.758268055260148,1452
速報,1-1,202609,中国,3.3350861366921585,1138
速報,1-1,202609,中部,3.6922046614020365,1329
速報,1-1,202609,九州,3.039851389595384,1330
速報,1-1,202609,全国,5.813929212828132,1392
速報,1-1,202609,北海道,1.394284948542524,1253
速報,1-1,202609,北陸,3.1928573058109806,1078
速報,1-1,202609,四国,2.7372460824720424,512
速報,1-1,202609,東京,8.575187276069519,1392
速報,1-1,202609,東北,9.50990758551668,1388
速報,1-1,202609,関西,3.2627948016311206,1329
